date,coin,close,creturns,high,log_return,low,open,price,returns,volume,volume_in_dollars
2024-01-02,BTCUSDT,44946.91,1.0173691221390893,45879.63,0.01722000317113513,44148.34,44179.55,44946.91,0.017369122139089255,65146.40661,2928129674.7230754
2024-01-02,ETHUSDT,2355.34,1.0014030373633103,2431.3,0.0014020540260539925,2341.0,2352.05,2355.34,0.0014030373633102666,458041.6642,1078843853.356828
2024-01-03,BTCUSDT,42845.23,0.9697977910594381,45500.0,-0.04788769521256018,40750.0,44946.91,42845.23,-0.04675916542427505,81194.55173,3478799243.6187487
2024-01-03,ETHUSDT,2209.72,0.9394908249859696,2385.45,-0.06381928005018102,2100.0,2355.35,2209.72,-0.061825468934421535,798729.4869,1764968521.7926679
2024-01-04,BTCUSDT,44151.1,0.999356036899425,44729.58,0.03002352150755492,42613.77,42845.23,44151.1,0.030478772082679795,48038.06334,2120933338.330674
2024-01-04,ETHUSDT,2267.11,0.9638909202224453,2294.69,0.025640081953999767,2201.91,2209.72,2267.11,0.025971616313379187,448844.055,1017578845.5310501
2024-01-05,BTCUSDT,44145.11,0.9992204538072479,44357.46,-0.0001356796630157846,42450.0,44151.1,44145.11,-0.00013567045894657959,48075.25327,2122287343.8820097
2024-01-05,ETHUSDT,2268.78,0.9646009421608476,2277.21,0.0007363494597344715,2206.17,2267.11,2268.78,0.0007366206315528867,405568.0006,920144568.4012681
2024-01-06,BTCUSDT,43968.32,0.9952188286209342,44214.42,-0.004012787545087865,43397.05,44145.12,43968.32,-0.00400474707164622,17835.06144,784177688.6135808
2024-01-06,ETHUSDT,2240.78,0.9526963827145797,2270.0,-0.012418222543956053,2216.4,2268.78,2240.78,-0.012341434603619583,194067.8656,434863391.87916803
2024-01-07,BTCUSDT,43929.02,0.9943292767807729,44480.59,-0.000894225072540774,43572.09,43968.32,43929.02,-0.0008938253724500855,23023.8508,1011415202.270216
2024-01-07,ETHUSDT,2221.42,0.94446523018316,2258.01,-0.00867738849855344,2203.46,2240.77,2221.42,-0.008639848624139912,207138.6927,460142034.73763406
2024-01-08,BTCUSDT,46951.04,1.0627324180531488,47248.99,0.06653020711240704,43175.0,43929.01,46951.04,0.06879324874536241,72814.57589,3418720065.194425
2024-01-08,ETHUSDT,2330.44,0.9908164827128789,2358.2,0.04791045990948524,2166.38,2221.42,2330.44,0.049076716694726796,539407.5547,1257056941.775068
2024-01-09,BTCUSDT,46110.0,1.0436955559755587,47972.0,-0.018075510415030107,44748.67,46951.04,46110.0,-0.01791312822889546,69927.66617,3224364687.0987
2024-01-09,ETHUSDT,2344.29,0.9967049880104077,2371.72,0.0059254932475093485,2226.78,2330.43,2344.29,0.005943083709514019,551454.9931,1292770425.7743988
2024-01-10,BTCUSDT,46653.99,1.0560087189661278,47695.93,0.01172860796383382,44300.36,46110.0,46653.99,0.011797657774886172,89911.41203,4194726117.7335
2024-01-10,ETHUSDT,2584.38,1.0987823336337814,2643.1,0.09750304973321598,2339.59,2344.3,2584.38,0.10241480362924382,1038388.666,2683590900.63708
2024-01-11,BTCUSDT,46339.16,1.0488825712348813,48969.48,-0.006771062230729273,45606.06,46654.0,46339.16,-0.006748190240534524,87470.3296,4053301598.5871363
2024-01-11,ETHUSDT,2618.01,1.113080559854424,2689.39,0.012928853258319134,2566.01,2584.37,2618.01,0.01301279223643581,838712.2577,2195757077.781177
2024-01-12,BTCUSDT,42782.73,0.9683831093797921,46515.53,-0.0798528754667809,41500.0,46339.16,42782.73,-0.07674783056058854,86327.93707,3693344823.1228013
2024-01-12,ETHUSDT,2522.54,1.072490263771024,2717.32,-0.03714815678577363,2458.0,2618.01,2522.54,-0.036466629233654624,887457.7627,2238647704.7212577
2024-01-13,BTCUSDT,42847.99,0.9698602634024112,43257.0,0.0015242196406752171,42436.12,42782.74,42847.99,0.0015253818538460973,36118.47464,1547604040.1899736
2024-01-13,ETHUSDT,2578.19,1.0961505756704815,2590.0,0.02182127193995902,2497.5,2522.55,2578.19,0.022061097148112552,422061.232,1088154047.7300801
2024-01-14,BTCUSDT,41732.35,0.9446078558971287,43079.0,-0.02638212870563945,41720.0,42847.99,41732.35,-0.0260371606696137,28228.40894,1178037841.827209
2024-01-14,ETHUSDT,2472.87,1.0513724256390193,2578.69,-0.04170818291825345,2470.0,2578.18,2472.87,-0.04085036401506492,306207.7463,757211949.592881
2024-01-15,BTCUSDT,42511.1,0.9622347896255167,43400.43,0.01848861088034885,41718.05,41732.35,42511.1,0.018660583456239666,40269.89303,1711917449.587633
2024-01-15,ETHUSDT,2511.78,1.0679155116409582,2553.82,0.015612245726752063,2470.92,2472.87,2511.78,0.01573475354547571,315247.8819,791833324.798782
2024-01-16,BTCUSDT,43137.95,0.9764234809996931,43578.01,0.014637901828299413,42050.0,42511.1,43137.95,0.014745560571238991,45045.74589,1943181133.9155252
2024-01-16,ETHUSDT,2587.4,1.1000663254026288,2614.43,0.02966184534886525,2500.05,2511.79,2587.4,0.03010613986893751,381077.6247,986000246.14878
2024-01-17,BTCUSDT,42776.1,0.9682330399472153,43198.0,-0.008423584725432613,42200.69,43137.94,42776.1,-0.008388205744593757,33266.21388,1422998891.552268
2024-01-17,ETHUSDT,2530.19,1.0757427594768794,2592.97,-0.02235911176778112,2506.75,2587.41,2530.19,-0.02211099945891626,366281.3477,926761403.137063
2024-01-18,BTCUSDT,41327.5,0.9354441138490546,42930.0,-0.03445139745815894,40683.28,42776.09,41327.5,-0.0338647048234878,43907.51641,1814587884.434275
2024-01-18,ETHUSDT,2470.81,1.050496590194044,2550.0,-0.023748366630328005,2428.56,2530.2,2470.81,-0.023468593267699345,452090.1074,1117028758.264994
2024-01-19,BTCUSDT,41659.03,0.9429482645251027,42196.86,0.007990013891329613,40280.0,41327.51,41659.03,0.008022019236585853,48342.74559,2013911888.8161776
2024-01-19,ETHUSDT,2492.0,1.0595057907178445,2504.2,0.008539568821651248,2415.2,2470.81,2492.0,0.008576134951695957,424209.0029,1057128835.2268001
2024-01-20,BTCUSDT,41696.04,0.943785982428522,41872.56,0.0008880084302503328,41456.3,41659.03,41696.04,0.0008884028264701804,15923.99493,663967529.5610772
2024-01-20,ETHUSDT,2472.01,1.051006785598884,2492.0,-0.008054016030501146,2454.2,2491.99,2472.01,-0.008021669341893967,136620.9577,337728373.64397705
2024-01-21,BTCUSDT,41580.33,0.9411668973540928,41881.39,-0.002778941360300473,41500.98,41696.05,41580.33,-0.00277508367701107,11730.16301,487744048.90959334
2024-01-21,ETHUSDT,2457.05,1.044646349551878,2482.18,-0.006070141542372212,2452.13,2472.02,2457.05,-0.0060517554540636675,122572.1687,301165947.104335
2024-01-22,BTCUSDT,39568.02,0.8956184479018008,41689.65,-0.049606002668420156,39431.58,41580.32,39568.02,-0.048395719803089654,55426.19911,2193104954.908462
2024-01-22,ETHUSDT,2314.2,0.9839118382340433,2466.1,-0.059897387892233325,2303.59,2457.06,2314.2,-0.05813882501373613,526337.6492,1218050587.7786398
2024-01-23,BTCUSDT,39897.6,0.903078460509444,40176.74,0.008294955472882228,38555.0,39568.02,39897.6,0.008329453937801379,57956.63351,2312330581.128576
2024-01-23,ETHUSDT,2242.6,0.9534701790785868,2352.23,-0.031428148415456714,2168.07,2314.19,2242.6,-0.030939417509290412,700105.3314,1570056216.19764
2024-01-24,BTCUSDT,40084.88,0.9073175258688693,40555.0,0.004683034141144241,39484.19,39897.59,40084.88,0.004694016682707636,39293.82861,1575088404.5724165
2024-01-24,ETHUSDT,2235.02,0.950247444771347,2264.6,-0.0033857304732878464,2196.12,2242.6,2235.02,-0.0033800053509319694,359851.1496,804274516.378992
2024-01-25,BTCUSDT,39961.09,0.9045155507468954,40300.24,-0.003092975166303934,39550.0,40084.89,39961.09,-0.003088196846292135,31022.11853,1239677670.5679977
2024-01-25,ETHUSDT,2218.64,0.9432832774952804,2242.89,-0.007355781023558437,2171.3,2235.02,2218.64,-0.007328793478358131,330426.6061,733097685.3577039
2024-01-26,BTCUSDT,41823.51,0.9466712540077934,42246.82,0.04555239092628425,39822.52,39961.09,41823.51,0.04660583582680067,47384.96726,1981805652.0482826
2024-01-26,ETHUSDT,2267.68,0.9641332630397439,2282.36,0.02186288688866119,2195.84,2218.64,2267.68,0.022103631053257855,363566.4255,824452311.77784
2024-01-27,BTCUSDT,42120.63,0.9533965375382956,42200.0,0.00707902280697713,41394.34,41823.51,42120.63,0.007104138318376307,16224.41667,683382651.5229021
2024-01-27,ETHUSDT,2267.94,0.9642438053774594,2282.94,0.00011464805265211808,2251.4,2267.67,2267.94,0.00011465462499127277,145109.3836,329099375.441784
2024-01-28,BTCUSDT,42031.06,0.9513691289295614,42842.68,-0.002128775638974226,41620.81,42120.63,42031.06,-0.0021265114030820653,27294.99838,1147237714.6096828
2024-01-28,ETHUSDT,2256.9,0.9595500076529309,2308.24,-0.004879740236961713,2239.89,2267.94,2256.9,-0.0048678536469218825,209326.9087,472429900.24503005
2024-01-29,BTCUSDT,43302.7,0.98015258190724,43333.0,0.029806119942710457,41804.88,42031.05,43302.7,0.03025476873531141,31542.74207,1365885897.0345888
2024-01-29,ETHUSDT,2317.6,0.9853573918810902,2322.34,0.026539977220855035,2233.8,2256.9,2317.6,0.026895298861269845,305528.0776,708091872.64576
2024-01-30,BTCUSDT,42941.1,0.9719677995814806,43882.36,-0.008385579459892248,42683.99,43302.71,42941.1,-0.008350518558888909,37619.24546,1615411781.222406
2024-01-30,ETHUSDT,2343.01,0.9961607795785785,2391.98,0.010904260075984275,2297.0,2317.61,2343.01,0.010963928201588091,372879.5791,873660582.627091
2024-01-31,BTCUSDT,42580.0,0.9637943347091585,43745.11,-0.008444749797383772,42276.84,42941.1,42580.0,-0.008409193057467013,39871.13688,1697713008.3504
2024-01-31,ETHUSDT,2283.14,0.9707062805054334,2351.6,-0.025884739060646825,2263.57,2343.0,2283.14,-0.025552601141267117,397116.1859,906671848.6757259
2024-02-01,BTCUSDT,43082.94,0.9751783347725362,43285.13,0.011742435619609937,41884.28,42580.0,43082.94,0.011811648661343321,35231.04664,1517857068.5283217
2024-02-01,ETHUSDT,2304.28,0.9796942228873659,2311.72,0.009216574739179674,2240.0,2283.15,2304.28,0.009259178149390923,310997.4538,716625212.842264
2024-02-02,BTCUSDT,43200.0,0.9778279769712459,43488.0,0.0027134001651212595,42546.79,43082.95,43200.0,0.0027170847671955656,29672.14418,1281836628.576
2024-02-02,ETHUSDT,2309.06,0.9817265012499786,2324.74,0.0020722520822371486,2281.94,2304.28,2309.06,0.00207440068047271,238230.511,550088543.72966
2024-02-03,BTCUSDT,43011.09,0.9735520167136154,43380.01,-0.004382505832045197,42880.0,43199.99,43011.09,-0.004372916666666726,12033.40998,517570079.6566782
2024-02-03,ETHUSDT,2296.49,0.9763822043842789,2329.98,-0.005458644987954984,2292.75,2309.07,2296.49,-0.0054437736568128114,133232.845,305967896.21405
2024-02-04,BTCUSDT,42582.88,0.9638595232409566,43119.04,-0.010005694851545816,42222.0,43011.1,42582.88,-0.00995580442160382,17066.89404,726757500.8780351
2024-02-04,ETHUSDT,2289.79,0.9735336133739221,2311.0,-0.0029217600174053704,2266.0,2296.5,2289.79,-0.0029174958305935306,171232.0444,392085422.946676
2024-02-05,BTCUSDT,42708.7,0.9667074472238852,43569.76,0.002950351987088814,42258.1,42582.88,42708.7,0.0029547085589325395,29467.75905,1258529680.938735
2024-02-05,ETHUSDT,2301.83,0.9786525739358174,2338.41,0.005244348441227879,2269.11,2289.79,2301.83,0.005258124107450968,236610.412,544636944.65396
2024-02-06,BTCUSDT,43098.95,0.9755407196315942,43399.98,0.009095988310426472,42574.0,42708.7,43098.95,0.009137482526979213,24675.85433,1063503411.9759533
2024-02-06,ETHUSDT,2372.64,1.0087583544497543,2392.4,0.030298800498996734,2299.0,2301.84,2372.64,0.030762480287423566,368942.7498,875368325.8854719
2024-02-07,BTCUSDT,44349.6,1.0038490659139805,44396.5,0.028605054685199374,42788.0,43098.96,44349.6,0.029018108329785353,34392.59915,1525298015.26284
2024-02-07,ETHUSDT,2425.1,1.0310623968980122,2444.44,0.021869501408000494,2354.0,2372.63,2425.1,0.022110391799851747,342791.7013,831304154.82263
2024-02-08,BTCUSDT,45288.65,1.0251043752143243,45614.3,0.02095275967005496,44331.1,44349.6,45288.65,0.021173809910348673,45439.62231,2057899150.9297814
2024-02-08,ETHUSDT,2419.55,1.0287027431506268,2463.15,-0.0022911881881718175,2411.01,2425.09,2419.55,-0.002288565419982569,338040.0539,817904812.413745
2024-02-09,BTCUSDT,47132.77,1.0668458596794217,48200.0,0.03991206359421791,45242.12,45288.66,47132.77,0.04071925305788526,73503.481,3464422664.17237
2024-02-09,ETHUSDT,2486.56,1.0571929048825701,2525.0,0.027318656720714377,2419.16,2419.56,2486.56,0.027695232584571405,492384.385,1224343316.3656
2024-02-10,BTCUSDT,47751.09,1.08084147529796,48170.0,0.013033381077871586,46800.0,47132.78,47751.09,0.013118685789101692,24802.35936,1184339694.0117023
2024-02-10,ETHUSDT,2500.24,1.0630091324977466,2516.45,0.005486498081285188,2471.57,2486.56,2500.24,0.0055015764751302765,185099.59,462793398.90159994
2024-02-11,BTCUSDT,48299.99,1.0932657756812822,48592.66,0.01142945972783506,47557.16,47751.08,48299.99,0.011495025558578842,29958.80837,1447010144.6829162
2024-02-11,ETHUSDT,2507.21,1.065972517474193,2539.63,0.0027838538582977777,2493.45,2500.24,2507.21,0.0027877323776919205,219975.1471,551523888.560591
2024-02-12,BTCUSDT,49917.27,1.1298727578710057,50334.82,0.03293568144658824,47710.01,48300.0,49917.27,0.03348406490353306,59009.96705,2945616457.9259534
2024-02-12,ETHUSDT,2659.99,1.1309288957670791,2665.58,0.05915178226329729,2472.0,2507.22,2659.99,0.060936259826659844,449501.776,1195670229.14224
2024-02-13,BTCUSDT,49699.59,1.1249455913426005,50368.61,-0.004370351494182536,48300.95,49917.28,49699.59,-0.004360815405169416,55551.56706,2760890106.7395053
2024-02-13,ETHUSDT,2639.99,1.1224256390197447,2686.12,-0.00754723411578204,2590.0,2659.99,2639.99,-0.0075188252587415905,502447.745,1326457022.3225498
2024-02-14,BTCUSDT,51795.17,1.1723788494903182,52043.71,0.041300218103198914,49225.01,49699.6,51795.17,0.04216493536465804,57046.37401,2954726639.7315316
2024-02-14,ETHUSDT,2774.81,1.179746092753525,2786.0,0.04980714711359402,2618.4,2639.99,2774.81,0.05106837525899732,461670.6944,1281048459.528064
2024-02-15,BTCUSDT,51880.0,1.1742989686404681,52816.62,0.0016364577734705157,51314.0,51795.17,51880.0,0.001637797501195637,53816.03055,2791975664.934
2024-02-15,ETHUSDT,2822.59,1.2000603731229067,2867.65,0.017072626772787942,2759.25,2774.8,2822.59,0.017219196990064356,481689.1874,1359611083.463366
2024-02-16,BTCUSDT,52124.11,1.1798243757575622,52572.08,0.004694246184426713,51566.0,51880.01,52124.11,0.004705281418658558,37772.25318,1968845079.70217
2024-02-16,ETHUSDT,2801.8,1.1912212377340528,2857.4,-0.00739283537876803,2740.0,2822.58,2801.8,-0.007365575588378026,378070.8037,1059278777.80666
2024-02-17,BTCUSDT,51642.64,1.1689263471447764,52162.82,-0.009279917800631372,50625.0,52124.1,51642.64,-0.00923699224792518,25674.00622,1325873460.5772207
2024-02-17,ETHUSDT,2785.93,1.184473903505043,2804.21,-0.005680318366057286,2719.01,2801.81,2785.93,-0.005664215861232225,243302.8759,677824781.056087
2024-02-18,BTCUSDT,52137.67,1.180131305094778,52377.0,0.009540032294676114,51163.28,51642.64,52137.67,0.009585683458475325,21992.10363,1146617041.666742
2024-02-18,ETHUSDT,2881.2,1.2249791670209695,2895.0,0.0336251246192515,2764.25,2785.92,2881.2,0.034196839116560795,367987.8833,1060246689.3639599
2024-02-19,BTCUSDT,51774.73,1.1719161919938073,52488.77,-0.00698552773070659,51677.0,52137.68,51774.73,-0.0069611856456185395,29534.99432,1529166356.4695337
2024-02-19,ETHUSDT,2944.8,1.2520195234774925,2984.52,0.021834029049603604,2856.93,2881.2,2944.8,0.022074135776759762,446451.0401,1314709022.88648
2024-02-20,BTCUSDT,52258.82,1.1828735240626036,52985.0,0.009306488030900633,50760.37,51774.74,52258.82,0.009349928044047662,49614.47318,2592793823.308448
2024-02-20,ETHUSDT,3014.81,1.281785173721536,3033.09,0.02349590686861879,2874.56,2944.8,3014.81,0.023774110296115092,634681.7471,1913444877.974551
2024-02-21,BTCUSDT,51849.39,1.1736061141410448,52366.8,-0.007865510526459354,50625.0,52258.82,51849.39,-0.007834658340927003,43079.40049,2233640636.972201
2024-02-21,ETHUSDT,2967.9,1.2618407850206634,3017.15,-0.01568217793614364,2868.0,3014.81,2967.9,-0.01555985285971584,595955.0033,1768734854.29407
2024-02-22,BTCUSDT,51288.42,1.1609086104317494,52065.78,-0.01087817419895304,50940.78,51849.38,51288.42,-0.010819220824005882,35309.44574,1810965683.0803308
2024-02-22,ETHUSDT,2971.4,1.263328854951447,3036.02,0.0011785902059659025,2906.51,2967.91,2971.4,0.001179285016341458,563525.9936,1674461137.3830402
2024-02-23,BTCUSDT,50744.15,1.1485891096672556,51548.54,-0.010668655359765033,50521.0,51288.42,50744.15,-0.010611947102289299,30545.79544,1550020425.676676
2024-02-23,ETHUSDT,2922.24,1.2424278498664993,2993.8,-0.01668277674193129,2906.05,2971.4,2922.24,-0.016544389849902474,428826.5787,1253134181.340288
2024-02-24,BTCUSDT,51568.22,1.1672418573751884,51698.0,0.016109250933854777,50585.0,50744.15,51568.22,0.016239704478250294,16560.4211,853991438.577442
2024-02-24,ETHUSDT,2992.62,1.2723508103603685,3007.48,0.02379881241743993,2906.4,2922.25,2992.62,0.024084264126149835,243854.0783,729762591.802146
2024-02-25,BTCUSDT,51728.85,1.1708777024664125,51958.55,0.0031100616788884284,51279.8,51568.21,51728.85,0.0031149029382824267,18721.63159,968448472.2743715
2024-02-25,ETHUSDT,3112.59,1.323357595959253,3122.0,0.039305919138802874,2983.61,2992.62,3112.59,0.04008861800028085,412306.2237,1283340228.8263829
2024-02-26,BTCUSDT,54476.47,1.2330698252924712,54910.0,0.051753212367562834,50901.44,51728.85,54476.47,0.05311581448263403,51256.72199,2792285277.7865753
2024-02-26,ETHUSDT,3175.94,1.3502916617064342,3196.0,0.020148474483354707,3036.59,3112.6,3175.94,0.020352825139192676,546722.7747,1736358729.0807178
2024-02-27,BTCUSDT,57037.34,1.291034879259748,57588.15,0.045937275755513214,54450.13,54476.48,57037.34,0.04700873606531397,67194.98562,3832623241.103051
2024-02-27,ETHUSDT,3242.36,1.378530977364331,3288.14,0.020697808196250323,3160.02,3175.95,3242.36,0.020913493327959554,625939.1221,2029519971.932156
2024-02-28,BTCUSDT,62432.1,1.4131447694691324,64000.0,0.09037342510456357,56691.85,57037.35,62432.1,0.09458295215029322,118763.46984,7414652825.397864
2024-02-28,ETHUSDT,3383.1,1.438368395095322,3488.0,0.04249098920918258,3176.16,3242.35,3383.1,0.04340665441221825,947538.766,3205618399.2545996
2024-02-29,BTCUSDT,61130.98,1.3836940394367985,63676.35,-0.021060790861507746,60364.7,62432.11,61130.98,-0.020840561185672013,78425.07603,4794201754.288409
2024-02-29,ETHUSDT,3340.09,1.42008214146018,3522.81,-0.012794696190860875,3300.0,3383.11,3340.09,-0.012713192042800858,759698.1123,2537460067.9121075
2024-03-01,BTCUSDT,62387.9,1.4121443065852868,63114.23,0.02035257099534111,60777.0,61130.99,62387.9,0.02056109684484042,47737.93473,2978269498.141767
2024-03-01,ETHUSDT,3433.43,1.4597668406999886,3450.0,0.027562008777578344,3338.54,3340.1,3433.43,0.02794535476588944,412788.5773,1417280684.9591389
2024-03-02,BTCUSDT,61987.28,1.403076310193291,62433.19,-0.006442143609634661,61561.12,62387.9,61987.28,-0.006421437490282567,25534.73659,1582828866.730575
2024-03-02,ETHUSDT,3421.4,1.4546521317664671,3460.04,-0.0035099374748775738,3390.01,3433.42,3421.4,-0.0035037848448926656,283984.9448,971626090.13872
2024-03-03,BTCUSDT,63113.97,1.4285788334195348,63231.88,0.018012936948412033,61320.0,61987.28,63113.97,0.018176148396896963,28994.90903,1829983818.6721492
2024-03-03,ETHUSDT,3487.81,1.4828871957959906,3491.8,0.019224208049935323,3360.0,3421.39,3487.81,0.01941018296603736,341631.531,1191545870.13711
2024-03-04,BTCUSDT,68245.71,1.544735290422832,68499.0,0.07817243529189463,62300.0,63113.97,68245.71,0.08130909844524137,84835.16005,5789635730.575887
2024-03-04,ETHUSDT,3627.76,1.542388734885462,3640.94,0.0393413458288056,3423.78,3487.8,3627.76,0.040125465550015615,715360.6361,2595156701.2181363
2024-03-05,BTCUSDT,63724.01,1.4423870320091539,69000.0,-0.06855316030923639,59005.0,68245.71,63724.01,-0.0662561793261438,132696.7813,8455971018.529014
2024-03-05,ETHUSDT,3553.65,1.5108799170082148,3822.04,-0.020640133617123094,3200.0,3627.75,3553.65,-0.020428584029814623,1392904.864,4949896369.9536
2024-03-06,BTCUSDT,66074.04,1.4955797422110457,67641.1,0.03621451680304252,62779.14,63724.01,66074.04,0.03687825044280779,78738.85491,5202594248.877536
2024-03-06,ETHUSDT,3818.59,1.6235225591401512,3900.0,0.0719060002353233,3499.4,3553.66,3818.59,0.07455433146201784,969494.71,3702102804.6589
2024-03-07,BTCUSDT,66823.17,1.5125362299978158,67980.0,0.011273945248864211,65551.0,66074.04,66823.17,0.011337735667442228,53059.8869,3545629842.4994726
2024-03-07,ETHUSDT,3868.76,1.644852978690839,3933.81,0.013052797728649309,3735.0,3818.58,3868.76,0.013138357351797358,540780.675,2092150644.2130003
2024-03-08,BTCUSDT,68124.19,1.5419846965394626,69990.0,0.019282486315176334,66082.66,66823.18,68124.19,0.01946959415424332,74261.932842,5059034022.695648
2024-03-08,ETHUSDT,3883.36,1.651060356116393,3993.75,0.003766716011167122,3820.0,3868.76,3883.36,0.0037738190014371398,646399.2589,2510201026.041904
2024-03-09,BTCUSDT,68313.27,1.5462645047312615,68541.1,0.0027716745979517753,67861.1,68124.2,68313.27,0.002775519239201163,19872.89743,1357582607.8178961
2024-03-09,ETHUSDT,3905.21,1.6603501641128555,3942.0,0.005610800781601544,3870.01,3883.37,3905.21,0.0056265708046638885,254839.1386,995200352.452106
2024-03-10,BTCUSDT,68955.88,1.5608099222377776,69887.61,0.009362842188647231,68094.75,68313.28,68955.88,0.009406810711886537,38404.66835,2648227702.1823983
2024-03-10,ETHUSDT,3878.47,1.6489813098416695,3964.67,-0.006870813084617783,3791.26,3905.2,3878.47,-0.006847263015305249,356664.68,1383313261.4396
2024-03-11,BTCUSDT,72078.1,1.631481081178962,72800.0,0.044283373561153284,67024.96,68955.88,72078.1,0.04527851721999632,75292.825726,5426963821.961201
2024-03-11,ETHUSDT,4064.8,1.7282019013282088,4086.23,0.04692379532758898,3722.95,3878.47,4064.8,0.0480421403285316,721554.5139,2932974788.1007204
2024-03-12,BTCUSDT,71452.01,1.6173095923340097,73000.0,-0.008724217811494954,68620.82,72078.1,71452.01,-0.008686272251904659,68783.546691,4914722666.000798
2024-03-12,ETHUSDT,3979.96,1.692131086206017,4093.92,-0.021092772302799184,3828.98,4064.8,3979.96,-0.02087187561503645,632787.3941,2518468517.0222363
2024-03-13,BTCUSDT,73072.41,1.6539871954331813,73650.25,0.022424831790492365,71333.31,71452.0,73072.41,0.02267815838910625,52659.711647,3847972039.9513593
2024-03-13,ETHUSDT,4004.79,1.7026878794578324,4083.0,0.0062193756940735045,3932.23,3979.97,4004.79,0.006238756168403636,482305.7766,1931533351.0699139
2024-03-14,BTCUSDT,71388.94,1.6158820087574457,73777.0,-0.02330791194500903,68555.0,73072.4,71388.94,-0.02303838069662678,71757.628746,5122701053.090469
2024-03-14,ETHUSDT,3881.7,1.6503545858063637,4010.98,-0.031217942680779823,3723.0,4004.79,3881.7,-0.030735694006427394,648237.5245,2516263598.85165
2024-03-15,BTCUSDT,69499.85,1.5731226325302092,72419.71,-0.02681836109117046,65600.0,71388.94,69499.85,-0.026461942143979122,103334.03546,7181699964.364681
2024-03-15,ETHUSDT,3742.19,1.591040118365334,3934.02,-0.03660220045834964,3570.0,3881.69,3742.19,-0.03594043846768158,947537.4071,3545865009.4755487
2024-03-16,BTCUSDT,65300.63,1.4780736788853668,70043.0,-0.062322910279710986,64780.0,69499.84,65300.63,-0.06042056205876711,55926.95336,3652065288.3886166
2024-03-16,ETHUSDT,3523.09,1.4978869406982875,3781.12,-0.06033255610742313,3468.8,3742.19,3523.09,-0.05854860389237315,548288.1569,1931668522.6928208
2024-03-17,BTCUSDT,68393.48,1.5480800506116517,68904.4,0.046275814432356635,64533.0,65300.64,68393.48,0.04736324902225286,49742.21589,3402043247.628397
2024-03-17,ETHUSDT,3644.71,1.5495952449788268,3678.68,0.033938355810842834,3412.0,3523.09,3644.71,0.03452083256459515,517790.9936,1887198012.283856
2024-03-18,BTCUSDT,67609.99,1.5303458274246797,68956.0,-0.01152174525222046,66565.2,68393.47,67609.99,-0.011455624132592601,55691.08088,3765273421.3859916
2024-03-18,ETHUSDT,3520.46,1.4967687624360129,3645.02,-0.03468513836288729,3454.09,3644.7,3520.46,-0.03409050377121914,570901.2851,2009835138.143146
2024-03-19,BTCUSDT,61937.4,1.401947281038399,68124.11,-0.08763155563733493,61555.0,67610.0,61937.4,-0.08390165417862072,101005.32487,6256007208.603138
2024-03-19,ETHUSDT,3158.64,1.3429363446199891,3548.09,-0.10845010767802181,3150.88,3520.47,3158.64,-0.10277634172806971,1049629.6936,3315402335.392704
2024-03-20,BTCUSDT,67840.51,1.535563626157351,68100.0,0.09103531158594273,60775.0,61937.41,67840.51,0.09530768162693293,90420.58592,6134178663.311619
2024-03-20,ETHUSDT,3516.53,1.4950978724851618,3535.24,0.10733315272751459,3056.56,3158.65,3516.53,0.11330509333130734,1207322.8201,4245586916.5662527
2024-03-21,BTCUSDT,65501.27,1.4826151466006332,68240.47,-0.03508997737785613,64529.01,67840.51,65501.27,-0.034481462477213065,53357.48002,3494982705.3096256
2024-03-21,ETHUSDT,3492.85,1.485030016496318,3587.32,-0.00675668606585365,3412.0,3516.53,3492.85,-0.0067339109861142,602755.2072,2105333525.4685197
2024-03-22,BTCUSDT,63796.64,1.4440310052954366,66649.62,-0.026369007379098856,62260.0,65501.28,63796.64,-0.026024380901316868,51482.37821,3284402749.0072145
2024-03-22,ETHUSDT,3336.35,1.4184920324484276,3542.52,-0.0458406268133607,3250.0,3492.84,3336.35,-0.04480581759880897,558848.888,1864515487.4788
2024-03-23,BTCUSDT,63990.01,1.4484079172377267,65999.0,0.003026453038660462,63000.0,63796.64,63990.01,0.003031037371247214,26410.11409,1689983464.7202408
2024-03-23,ETHUSDT,3329.53,1.4155924218975868,3435.48,-0.0020462421704777038,3270.08,3336.35,3329.53,-0.0020441500442098803,323675.9448,1077688768.489944
2024-03-24,BTCUSDT,67209.99,1.5212918646749458,67628.69,0.04909491976870599,63772.29,63990.02,67209.99,0.05032004214407837,31395.78015,2110110069.9236987
2024-03-24,ETHUSDT,3454.98,1.4689290998452407,3471.22,0.036985515601003736,3298.76,3329.53,3454.98,0.03767799058725996,260824.1408,901142189.981184
2024-03-25,BTCUSDT,69880.01,1.581727518727556,71150.0,0.038957731173826136,66385.06,67210.0,69880.01,0.039726534701165495,53431.14486,3733768937.128248
2024-03-25,ETHUSDT,3590.42,1.526513154538188,3666.0,0.038452518809786,3420.12,3454.99,3590.42,0.03920138466792866,548577.6942,1969624324.809564
2024-03-26,BTCUSDT,69988.0,1.5841718623209153,71561.1,0.0015441704140665396,69280.0,69880.0,69988.0,0.0015453632591067024,38934.38417,2724939679.28996
2024-03-26,ETHUSDT,3587.33,1.5251994013707248,3678.86,-0.0008609940972833262,3542.62,3590.43,3587.33,-0.0008606235482200297,499013.8384,1790127312.907472
2024-03-27,BTCUSDT,69469.99,1.5724467542109415,71769.54,-0.007428938024621631,68359.18,69987.99,69469.99,-0.007401411670572067,49119.35685,3412321229.1759315
2024-03-27,ETHUSDT,3501.19,1.4885758745599562,3665.84,-0.024305282494903636,3460.02,3587.32,3501.19,-0.024012287690287737,443195.3297,1551711056.392343
2024-03-28,BTCUSDT,70780.6,1.6021122895095128,71552.06,0.01869009109453202,68903.62,69469.99,70780.6,0.018865844086057848,35439.03239,2508395975.983634
2024-03-28,ETHUSDT,3560.49,1.5137880308158023,3611.78,0.016795265133333685,3465.0,3501.2,3560.49,0.016937098529357097,404654.0311,1440766631.1912389
2024-03-29,BTCUSDT,69850.54,1.581060468021969,70916.16,-0.01322713532737063,69009.0,70780.6,69850.54,-0.01314004119772949,25445.08353,1777352824.915606
2024-03-29,ETHUSDT,3509.74,1.4922110168194416,3584.37,-0.014356215181719081,3445.91,3560.49,3509.74,-0.014253656097896639,323086.179,1133948485.88346
2024-03-30,BTCUSDT,69582.18,1.5749861644131726,70321.1,-0.0038493164497219014,69540.0,69850.53,69582.18,-0.0038419173280550556,13644.61142,949421807.8564955
2024-03-30,ETHUSDT,3505.64,1.490467849186238,3565.81,-0.0011688605511880762,3485.0,3509.74,3505.64,-0.0011681776997726212,216025.2634,757306804.385576
2024-03-31,BTCUSDT,71280.01,1.6134163883516237,71366.0,0.024107423379159526,69562.99,69582.17,71280.01,0.024400356528065048,19396.34433,1382571617.805843
2024-03-31,ETHUSDT,3645.29,1.5498418394244993,3655.32,0.039062823229440984,3505.09,3505.65,3645.29,0.03983580744172244,243464.9877,887500485.012933
2024-04-01,BTCUSDT,69649.8,1.5765167368160153,71288.23,-0.02313609473301786,68062.86,71280.0,69649.8,-0.022870507453632394,41445.32039,2886658276.099422
2024-04-01,ETHUSDT,3503.8,1.4896855495654833,3645.95,-0.03958782951874899,3413.71,3645.29,3503.8,-0.038814470179327265,408854.1225,1432543074.4155002
2024-04-02,BTCUSDT,65463.99,1.4817713172723577,69674.23,-0.06197960825197718,64550.0,69649.81,65463.99,-0.0600979471584987,71799.82793,4700303217.61124
2024-04-02,ETHUSDT,3278.96,1.3940919372119518,3505.6,-0.06632179487259003,3212.0,3503.8,3278.96,-0.06417032935669853,623264.6476,2043659848.8944962
2024-04-03,BTCUSDT,65963.28,1.493072699925644,66903.63,0.007598003093028574,64493.07,65463.99,65963.28,0.007626941162614864,39887.21778,2631091714.843118
2024-04-03,ETHUSDT,3310.83,1.4076418768388288,3367.4,0.009672614295133657,3202.79,3278.96,3310.83,0.009719545221655634,410484.1933,1359043381.703439
2024-04-04,BTCUSDT,68487.79,1.55021474867897,69309.91,0.03755725764251874,65064.52,65963.27,68487.79,0.03827144435510177,41510.48453,2842961347.2888885
2024-04-04,ETHUSDT,3327.4,1.4146868250539952,3443.93,0.004992305001377068,3250.92,3310.83,3327.4,0.00500478731919185,356338.5716,1185680963.1418402
2024-04-05,BTCUSDT,67820.62,1.5351134178596204,68756.67,-0.009789202703133824,65952.56,68487.8,67820.62,-0.009741444423889245,37915.23073,2571434455.5516524
2024-04-05,ETHUSDT,3317.85,1.410626519957143,3350.0,-0.002874235453763564,3210.0,3327.39,3317.85,-0.0028701087936527925,344556.7983,1143187773.239655
2024-04-06,BTCUSDT,68896.0,1.559454544014142,69692.0,0.015731842680183246,67447.83,67820.63,68896.0,0.01585623959202964,20134.28919,1387171988.03424
2024-04-06,ETHUSDT,3351.59,1.424971514089896,3398.42,0.010117877313201287,3306.68,3317.85,3351.59,0.010169236101692514,183312.2125,614387378.292875
2024-04-07,BTCUSDT,69360.39,1.5699659684175142,70326.29,0.006717834111896003,68824.0,68896.0,69360.39,0.006740449372967916,21534.74433,1493658265.2790887
2024-04-07,ETHUSDT,3454.2,1.468597472832094,3459.94,0.030156021824738675,3344.08,3351.59,3454.2,0.03061531989294619,210459.0752,726967737.5558399
2024-04-08,BTCUSDT,71620.0,1.621112030339829,72797.99,0.03205840927643814,69043.24,69360.38,71620.0,0.03257781566683815,45723.87624,3274744016.3087997
2024-04-08,ETHUSDT,3694.61,1.5708108705634252,3730.71,0.06728411886400808,3406.36,3454.2,3694.61,0.06959932835388805,496841.3532,1835635031.946252
2024-04-09,BTCUSDT,69146.0,1.5651132707327258,71758.19,-0.03515415339654028,68210.0,71620.0,69146.0,-0.034543423624685876,39293.90242,2717016176.7333198
2024-04-09,ETHUSDT,3506.39,1.4907867213142627,3727.34,-0.05228798260119764,3450.46,3694.61,3506.39,-0.0509444839915445,457592.252,1604496896.49028
2024-04-10,BTCUSDT,70631.08,1.5987279182336622,71172.08,0.02125006308303191,67518.0,69146.0,70631.08,0.02147745350417951,42006.02377,2966930825.3807716
2024-04-10,ETHUSDT,3545.64,1.5074743626809062,3562.95,0.01113166146509165,3411.82,3506.4,3545.64,0.011193848944355933,389404.9055,1380689609.1370199
2024-04-11,BTCUSDT,70006.23,1.584584496673234,71305.89,-0.00888603616768445,69567.21,70631.08,70006.23,-0.008846672031632585,31917.25595,2234406761.004568
2024-04-11,ETHUSDT,3502.52,1.4891413411336538,3618.3,-0.012235970235867036,3474.52,3545.64,3502.52,-0.012161415146489718,338139.5534,1184340548.5745678
2024-04-12,BTCUSDT,67116.52,1.5191761799294015,71227.46,-0.04215402471169341,65086.86,70006.22,67116.52,-0.04127789769567636,56072.86229,3763415383.344031
2024-04-12,ETHUSDT,3237.43,1.3764349245761123,3552.4,-0.07870290424943296,3100.0,3502.52,3237.43,-0.07568550643536653,697327.1174,2257547729.684282
2024-04-13,BTCUSDT,63924.51,1.4469253308374572,67929.0,-0.04872735746222276,60660.57,67116.52,63924.51,-0.047559229828960214,71395.22019,4563904466.987857
2024-04-13,ETHUSDT,3007.01,1.2784689035900747,3301.9,-0.07383357559576002,2852.0,3237.42,3007.01,-0.07117373966386908,994971.2354,2991888454.5601544
2024-04-14,BTCUSDT,65661.84,1.4862496335974444,65840.0,0.026815078915186055,62134.0,63924.52,65661.84,0.027177838359652595,61599.17818,4044715381.786651
2024-04-14,ETHUSDT,3155.11,1.3414355198040846,3174.23,0.0480771311040579,2906.73,3007.01,3155.11,0.0492515821364079,737580.4666,2327147505.974326
2024-04-15,BTCUSDT,63419.99,1.435505567621218,66867.07,-0.03473882339914055,62274.4,65661.85,63419.99,-0.034142357265650736,52389.53069,3322543512.464493
2024-04-15,ETHUSDT,3101.99,1.3188508698831647,3277.85,-0.016979519656058945,3023.19,3155.11,3101.99,-0.01683618003809706,605430.8863,1878040554.993737
2024-04-16,BTCUSDT,63793.39,1.4439574418480945,64365.0,0.005870468536476564,61600.0,63419.99,63793.39,0.005887733504845949,53435.29331,3408818505.8892207
2024-04-16,ETHUSDT,3084.22,1.3112957262631584,3128.01,-0.00574505193835904,2986.0,3102.0,3084.22,-0.0057285806853020205,526113.855,1622650873.8681
2024-04-17,BTCUSDT,61277.37,1.3870075634541317,64499.0,-0.040238973210926274,59678.16,63793.4,61277.37,-0.03944013635268473,50610.54509,3101281097.3816133
2024-04-17,ETHUSDT,2985.41,1.2692853863029534,3123.75,-0.032561698237881825,2914.47,3084.21,2985.41,-0.032037273605644234,491897.5661,1468515912.810601
2024-04-18,BTCUSDT,63470.08,1.4366393501065535,64117.09,0.035158006998813135,60803.35,61277.38,63470.08,0.03578335689015377,43601.60918,2767397622.7833343
2024-04-18,ETHUSDT,3064.4,1.3028689988265503,3094.4,0.02611470081424689,2950.98,2985.41,3064.4,0.026458677367597883,389060.7133,1192237649.83652
2024-04-19,BTCUSDT,63818.01,1.4445147132553406,65450.0,0.005466825160537417,59600.01,63470.09,63818.01,0.005481795516879773,69774.30271,4452857148.0898075
2024-04-19,ETHUSDT,3056.46,1.2994932058978585,3128.89,-0.0025944081235797613,2865.18,3064.4,3056.46,-0.002591045555410565,607850.4019,1857870439.3912742
2024-04-20,BTCUSDT,64940.59,1.469924207014331,65419.0,0.01743741302682119,63090.07,63818.01,64940.59,0.017590332258871744,23137.42975,1502558339.0485523
2024-04-20,ETHUSDT,3155.79,1.341724630533494,3171.88,0.03198147730884544,3018.75,3056.45,3155.79,0.03249838047937814,242577.6371,765524081.383809
2024-04-21,BTCUSDT,64941.15,1.4699368825621806,65695.56,8.623229100669178e-06,64237.5,64940.58,64941.15,8.623266280816111e-06,19316.42152,1254430627.393548
2024-04-21,ETHUSDT,3147.67,1.3382723082940762,3197.18,-0.0025763642480408425,3116.49,3155.79,3147.67,-0.0025730482700052626,219970.5072,692394566.398224
2024-04-22,BTCUSDT,66819.32,1.5124490856063493,67232.35,0.028510785110948657,64500.0,64941.15,66819.32,0.028921107802987844,31397.99371,2097992589.0664773
2024-04-22,ETHUSDT,3200.2,1.3606061121409494,3235.0,0.016550811254883464,3129.15,3147.66,3200.2,0.01668853469391629,290879.9569,930874038.0713799
2024-04-23,BTCUSDT,66414.0,1.5032747051520439,67183.01,-0.006084382651452649,65765.81,66819.32,66414.0,-0.0060659102786441155,22599.90004,1500949761.25656
2024-04-23,ETHUSDT,3219.46,1.3687947483886325,3263.61,0.006000335776795954,3152.0,3200.19,3219.46,0.006018373851634395,253914.2263,817466695.003798
2024-04-24,BTCUSDT,64289.59,1.455188882639139,67070.43,-0.03251015685090299,63606.06,66414.0,64289.59,-0.031987382178456425,33595.69637,2159853545.391788
2024-04-24,ETHUSDT,3140.8,1.3353514396013668,3293.56,-0.024736099089373503,3104.9,3219.46,3140.8,-0.024432668832661375,393314.3414,1235321683.46912
2024-04-25,BTCUSDT,64498.34,1.4599139194491564,65297.94,0.0032417662557915235,62794.0,64289.58,64498.34,0.003247026462604552,31341.46338,2021472361.1807892
2024-04-25,ETHUSDT,3155.8,1.3417288821618676,3191.64,0.004764485079372048,3072.2,3140.79,3155.8,0.004775853285787113,352288.5502,1111752206.7211602
2024-04-26,BTCUSDT,63770.01,1.4434282377253727,64820.01,-0.011356469895713836,63297.48,64498.33,63770.01,-0.0112922286061935,27085.19346,1727223057.7961345
2024-04-26,ETHUSDT,3131.3,1.3313123926463832,3167.7,-0.007793775832009595,3102.0,3155.81,3131.3,-0.007763483110463265,252522.655,790724189.6015
2024-04-27,BTCUSDT,63461.98,1.4364560073608714,63923.41,-0.004842030716018614,62391.24,63770.0,63461.98,-0.004830326982856015,20933.06052,1328453468.0590296
2024-04-27,ETHUSDT,3255.56,1.3841431268175708,3285.0,0.03891605008616172,3066.74,3131.3,3255.56,0.03968319867147829,323811.1919,1054186763.901964
2024-04-28,BTCUSDT,63118.62,1.4286840857365,64370.0,-0.005425173243951366,62781.0,63461.98,63118.62,-0.0054104835682718955,16949.20005,1069810117.259931
2024-04-28,ETHUSDT,3263.45,1.387497661604394,3357.4,0.0024206141277699957,3250.45,3255.55,3263.45,0.0024235461794590574,304766.009,994588632.07105
2024-04-29,BTCUSDT,63866.0,1.4456009624362398,64228.35,0.01177132522006203,61765.53,63118.62,63866.0,0.01184087991784355,28150.22947,1797842555.3310199
2024-04-29,ETHUSDT,3216.73,1.3676340538426215,3286.95,-0.014419602393225955,3115.13,3263.44,3216.73,-0.014316137829597397,421831.2912,1356917369.341776
2024-04-30,BTCUSDT,60672.0,1.3733050698796159,64734.0,-0.051304831768252054,59191.6,63866.0,60672.0,-0.05001096044843889,54947.65535,3333784145.3952003
2024-04-30,ETHUSDT,3014.05,1.2814620499651364,3250.95,-0.06508062629125812,2921.0,3216.74,3014.05,-0.06300808585115936,561717.4866,1693044590.4867299
2024-05-01,BTCUSDT,58364.97,1.3210856606733201,60841.63,-0.03876642553474422,56552.82,60672.01,58364.97,-0.03802462420886077,81166.46823,4737278483.249903
2024-05-01,ETHUSDT,2972.46,1.2637795275590549,3023.24,-0.013894796510902776,2817.0,3014.04,2972.46,-0.013798709377747631,624963.7773,1857679829.473158
2024-05-02,BTCUSDT,59060.61,1.336831407291382,59625.0,0.011848323644138173,56911.84,58364.97,59060.61,0.011918793070569533,47583.81961,2810329412.296562
2024-05-02,ETHUSDT,2986.19,1.2696170133160998,3016.72,0.0046084345613266195,2893.26,2972.46,2986.19,0.004619069726758296,365939.7191,1092765529.779229
2024-05-03,BTCUSDT,62882.01,1.4233284404209636,63333.0,0.06269590851696512,58811.32,59060.6,62882.01,0.06470302287768459,43628.40143,2743441575.0052743
2024-05-03,ETHUSDT,3102.61,1.3191144708423324,3126.99,0.038245365378809904,2958.32,2986.19,3102.61,0.03898613283146757,355825.8391,1103988806.6500509
2024-05-04,BTCUSDT,63892.04,1.4461903754112477,64540.0,0.01593467072506892,62541.03,62882.01,63892.04,0.016062304624168355,24368.69282,1556965496.403153
2024-05-04,ETHUSDT,3117.23,1.3253303515246337,3168.0,0.004701094216412664,3092.85,3102.61,3117.23,0.0047121616961203205,196263.9488,611799869.1178241
2024-05-05,BTCUSDT,64012.0,1.448905658839893,64646.0,0.0018757817997593531,62822.17,63892.03,64012.0,0.0018775421789631874,18526.75029,1185934339.56348
2024-05-05,ETHUSDT,3136.41,1.333484974745327,3171.93,0.006134046775861456,3072.99,3117.24,3136.41,0.006152898566996967,218760.2662,686121886.512342
2024-05-06,BTCUSDT,63165.19,1.4297381933496378,65500.0,-0.013317207511333138,62700.0,64012.0,63165.19,-0.013228925826407556,34674.91949,2190247877.8205533
2024-05-06,ETHUSDT,3062.6,1.3021037057192901,3221.4,-0.023814605339407262,3046.35,3136.4,3062.6,-0.02353327530520566,355135.3027,1087637378.04902
2024-05-07,BTCUSDT,62312.08,1.4104281279460744,64422.41,-0.013598050793730939,62261.0,63165.18,62312.08,-0.013506014942723965,25598.79472,1595114144.4962177
2024-05-07,ETHUSDT,3005.69,1.2779076886447507,3129.85,-0.018757069465325283,2998.0,3062.59,3005.69,-0.018582250375497877,298796.6829,898090201.8257011
2024-05-08,BTCUSDT,61193.03,1.3850985354083503,63020.22,-0.018122013335120257,60888.0,62312.07,61193.03,-0.01795879707433945,26121.19004,1598434765.7534213
2024-05-08,ETHUSDT,2974.21,1.2645235625244464,3038.15,-0.010528701418179225,2936.48,3005.69,2974.21,-0.01047346865445209,266934.8125,793920188.685625
2024-05-09,BTCUSDT,63074.01,1.427674342540836,63429.03,0.030275504659909153,60630.0,61193.03,63074.01,0.030738468090238502,30660.8061,1933899990.559461
2024-05-09,ETHUSDT,3036.23,1.2908921616979299,3059.0,0.0206381567242151,2950.77,2974.2,3036.23,0.02085259615158308,238561.7462,724328330.664826
2024-05-10,BTCUSDT,60799.99,1.3762021116104621,63469.13,-0.03671917430504504,60187.12,63074.0,60799.99,-0.03605320162773862,36529.34025,2220983521.9065976
2024-05-10,ETHUSDT,2909.99,1.2372196051087563,3053.89,-0.0424669694883011,2878.03,3036.24,2909.99,-0.04157787782875477,327855.8758,954057320.0192419
2024-05-11,BTCUSDT,60825.99,1.3767906191891948,61515.0,0.0004275402409262431,60487.09,60799.99,60825.99,0.0004276316492815013,13374.56936,813521422.1456664
2024-05-11,ETHUSDT,2912.45,1.2382655056886784,2945.67,0.0008450066111037531,2886.46,2909.98,2912.45,0.000845363729772286,138163.1087,402393145.933315
2024-05-12,BTCUSDT,61483.99,1.391684387912507,61888.0,0.01075965097938284,60610.0,60825.99,61483.99,0.010817744191257805,12753.13236,784113462.4909164
2024-05-12,ETHUSDT,2929.29,1.2454252478699341,2955.2,0.0057654214829464265,2901.17,2912.45,2929.29,0.005782073511991781,107670.6323,315398506.490067
2024-05-13,BTCUSDT,62940.08,1.4246428494631567,63450.0,0.023406346968515828,60749.21,61484.0,62940.08,0.02368242529478004,32733.41839,2060243972.1400712
2024-05-13,ETHUSDT,2950.99,1.2546512814407915,2996.4,0.007380634427828049,2864.76,2929.3,2950.99,0.007407938442421047,368664.7648,1087926034.2771518
2024-05-14,BTCUSDT,61577.49,1.393800751705257,63118.36,-0.021886781008613777,61142.77,62940.09,61577.49,-0.021649003306001613,29088.72041,1791210390.159571
2024-05-14,ETHUSDT,2881.93,1.2252895358922464,2960.6,-0.023680498679313364,2862.0,2950.99,2881.93,-0.02340231583299157,269675.3037,777185347.9921409
2024-05-15,BTCUSDT,66206.5,1.4985779619756199,66444.16,0.07248226375544757,61319.47,61577.49,66206.5,0.0751737363767182,43559.74719,2883938402.334735
2024-05-15,ETHUSDT,3032.55,1.2893275624564207,3041.36,0.05094364115236379,2863.75,2881.93,3032.55,0.05226358724882285,350254.3188,1062163734.47694
2024-05-16,BTCUSDT,65235.21,1.4765929032776477,66752.01,-0.014779291590717515,64602.77,66206.51,65235.21,-0.014670613912531216,31106.3671,2029230390.1055908
2024-05-16,ETHUSDT,2944.7,1.2519770071937548,3041.24,-0.029396905403768096,2922.8,3032.55,2944.7,-0.02896901947206154,293874.1513,865371213.33311
2024-05-17,BTCUSDT,67024.0,1.5170819983453883,67451.2,0.027051410361314365,65106.38,65235.21,67024.0,0.027420621471134998,26292.23409,1762210697.6481602
2024-05-17,ETHUSDT,3092.01,1.3146077447662454,3120.0,0.048814420530057585,2933.06,2944.7,3092.01,0.05002546948755415,357724.7731,1106088575.672931
2024-05-18,BTCUSDT,66915.2,1.5146193204774607,67400.01,-0.0016246180943355483,66600.0,67024.0,66915.2,-0.0016232991167343114,14441.25774,966339649.9236479
2024-05-18,ETHUSDT,3122.94,1.3277580313259978,3146.98,0.009953500947915903,3083.61,3092.0,3122.94,0.0100032018007703,199976.5456,624514753.316064
2024-05-19,BTCUSDT,66274.01,1.5001060445387062,67700.0,-0.00962833180615985,65857.25,66915.2,66274.01,-0.009582127827459264,18025.30409,1194609183.513701
2024-05-19,ETHUSDT,3071.19,1.3057558544922705,3136.64,-0.016709757177628334,3053.38,3122.94,3071.19,-0.016570923552805983,166145.0102,510262893.876138
2024-05-20,BTCUSDT,71446.62,1.617187590185957,71515.56,0.07515278314448008,66060.31,66274.0,71446.62,0.07804884599558704,50816.7011,3630681533.145282
2024-05-20,ETHUSDT,3661.78,1.5568527746126763,3694.0,0.1758842593438205,3047.67,3071.2,3661.78,0.19230005307388987,847107.8828,3101922703.0793843
2024-05-21,BTCUSDT,70148.34,1.587801143289146,71979.0,-0.018338454758227797,69162.94,71446.62,70148.34,-0.018171328468722492,49607.4336,3479879118.7002234
2024-05-21,ETHUSDT,3789.6,1.6111970884848892,3841.54,0.034311104640699,3624.28,3661.79,3789.6,0.034906520872362456,952437.2694,3609356276.11824
2024-05-22,BTCUSDT,69166.62,1.5655800025124744,70666.0,-0.014093766386815483,68842.19,70148.34,69166.62,-0.013994914206095221,27673.18026,1914060343.2349212
2024-05-22,ETHUSDT,3737.73,1.5891438921106777,3813.69,-0.013781997342475151,3653.15,3789.59,3737.73,-0.013687460417986075,574938.3099,2148964169.062527
2024-05-23,BTCUSDT,67969.65,1.5384866980311025,70096.12,-0.017457094288918538,66312.16,69166.62,67969.65,-0.017305602037514634,40513.17374,2753666239.4969907
2024-05-23,ETHUSDT,3783.61,1.6086503630890627,3949.29,0.012200105053972433,3498.0,3737.72,3783.61,0.012274829910132734,1127866.076,4267405363.8143597
2024-05-24,BTCUSDT,68549.99,1.5516226398865538,69250.0,0.008501978114690344,66600.12,67969.66,68549.99,0.008538222574340226,28095.83664,1925969320.7136338
2024-05-24,ETHUSDT,3728.28,1.5851261032975628,3829.61,-0.014731579039831756,3626.1,3783.6,3728.28,-0.014623600212495425,479418.4318,1787406150.9113042
2024-05-25,BTCUSDT,69290.57,1.5683855992195483,69610.0,0.01074556177134258,68500.0,68549.99,69290.57,0.010803502670095222,12130.39418,840521927.0568826
2024-05-25,ETHUSDT,3749.26,1.5940460196255162,3779.43,0.0056114858771316835,3709.03,3728.28,3749.26,0.005627259755168534,158711.8992,595052175.1945921
2024-05-26,BTCUSDT,68507.67,1.5506647306276315,69562.23,-0.011363112097898122,68128.01,69290.56,68507.67,-0.011298795781301996,11872.11797,813331140.0898298
2024-05-26,ETHUSDT,3826.47,1.6268728422985999,3884.2,0.02038421999818265,3731.17,3749.25,3826.47,0.020593397097027122,292208.2937,1118126269.5942388
2024-05-27,BTCUSDT,69436.43,1.5716871267362382,70687.56,0.013465947937329524,68250.0,68507.67,69436.43,0.01355702215532939,23136.92737,1606545637.742089
2024-05-27,ETHUSDT,3894.22,1.6556776245301947,3977.0,0.017550695354859168,3823.37,3826.47,3894.22,0.017705613790255814,363717.6473,1416396536.468606
2024-05-28,BTCUSDT,68398.39,1.5481911880044044,69591.81,-0.0150623714003808,67277.91,69436.43,68398.39,-0.014949501292044975,32622.97042,2231358653.745624
2024-05-28,ETHUSDT,3844.69,1.6346193091954215,3931.09,-0.012800427009197146,3773.9,3894.21,3844.69,-0.012718849987930714,416249.8344,1600351575.819336
2024-05-29,BTCUSDT,67652.42,1.5313062265233572,68935.68,-0.010966160005080427,67124.65,68398.4,67652.42,-0.010906250863507161,23159.83149,1566818647.0907059
2024-05-29,ETHUSDT,3767.43,1.6017712283804695,3888.55,-0.020299904134328608,3742.59,3844.69,3767.43,-0.020095248251484565,334759.6348,1261183490.9345639
2024-05-30,BTCUSDT,68352.17,1.5471450026086728,69500.0,0.010290184685345129,67128.0,67652.41,68352.17,0.01034331070492378,28478.2184,1946548025.373928
2024-05-30,ETHUSDT,3747.91,1.5934720497950712,3825.35,-0.005194720104684686,3702.58,3767.44,3747.91,-0.0051812508792465906,277034.2894,1038299583.5851539
2024-05-31,BTCUSDT,67540.01,1.5287618366416131,69044.1,-0.011953148002230988,66670.0,68352.17,67540.01,-0.011881992919902995,26690.32184,1802664603.9768183
2024-05-31,ETHUSDT,3762.29,1.5995858913964045,3849.94,0.0038294632828156368,3723.75,3747.9,3762.29,0.0038368050460122483,273406.766,1028635541.65414
2024-06-01,BTCUSDT,67766.85,1.5338963389169873,67900.0,0.003352974306247208,67428.44,67540.01,67766.85,0.0033586018124664996,8837.66133,598900469.7009106
2024-06-01,ETHUSDT,3815.82,1.6223448580806445,3833.3,0.014127768098339709,3752.67,3762.29,3815.82,0.014228036647892628,132687.2006,506310473.7934921
2024-06-02,BTCUSDT,67765.63,1.5338687243306006,68460.0,-1.800306465331948e-05,67257.47,67766.84,67765.63,-1.8002902599123516e-05,15426.32529,1045374651.8617828
2024-06-02,ETHUSDT,3780.91,1.6075024234281725,3838.59,-0.00919086126335398,3752.62,3815.82,3780.91,-0.009148754396171799,210295.4407,795108134.697037
2024-06-03,BTCUSDT,68809.9,1.5575056785322616,70288.0,0.015292495676779325,67612.48,67765.62,68809.9,0.015410024226145236,29633.374,2039069501.6025999
2024-06-03,ETHUSDT,3767.06,1.6016139181306435,3849.99,-0.003669865021776319,3758.43,3780.92,3767.06,-0.0036631392971533394,248848.702,937427991.35612
2024-06-04,BTCUSDT,70537.84,1.5966174395166992,71063.45,0.02480167347858517,68567.32,68809.89,70537.84,0.025111793506457758,29619.78489,2089315647.4052374
2024-06-04,ETHUSDT,3810.23,1.6199681978197644,3831.65,0.011394698393577755,3730.0,3767.07,3810.23,0.011459865253008905,232063.7468,884216249.969764
2024-06-05,BTCUSDT,71108.0,1.6095229580201698,71758.0,0.008050544645661345,70383.66,70537.83,71108.0,0.00808303741651284,28703.18082,2041025781.7485602
2024-06-05,ETHUSDT,3865.99,1.643675277631332,3887.47,0.014528239359286061,3777.33,3810.23,3865.99,0.014634287169015936,273738.6035,1058270703.7449651
2024-06-06,BTCUSDT,70799.06,1.6025301298904127,71700.0,-0.004354124285061161,70117.64,71108.0,70799.06,-0.004344658828823844,21842.00449,1546393386.4077792
2024-06-06,ETHUSDT,3813.46,1.6213414737844587,3878.6,-0.013680880614828677,3760.0,3866.0,3813.46,-0.013587722679054948,237504.1905,905712730.30413
2024-06-07,BTCUSDT,69355.6,1.569857547213586,71997.02,-0.020598830454873523,68420.0,70799.06,69355.6,-0.020388123797123736,35598.45045,2468951890.0300198
2024-06-07,ETHUSDT,3678.32,1.5638849679427214,3841.39,-0.03608078731115959,3600.0,3813.47,3678.32,-0.03543763406460276,362223.3594,1332373427.3482082
2024-06-08,BTCUSDT,69310.46,1.5688358075172786,69582.2,-0.00065106056369522,69168.02,69355.6,69310.46,-0.0006508486697541782,9773.82967,677428630.3893481
2024-06-08,ETHUSDT,3681.57,1.565266747164163,3709.5,0.000883165430799822,3660.08,3678.31,3681.57,0.0008835555362229908,140550.8394,517447753.809858
2024-06-09,BTCUSDT,69648.14,1.5764791628706036,69857.14,0.004860162159083764,69130.24,69310.46,69648.14,0.004871991904252138,9890.56709,688859601.3637127
2024-06-09,ETHUSDT,3706.4,1.5758235404159784,3721.52,0.0067217634855674885,3666.36,3681.58,3706.4,0.0067444052401557375,103451.102,383431164.4528
2024-06-10,BTCUSDT,69540.0,1.5740314240412132,70195.94,-0.0015538683361776106,69172.29,69648.15,69540.0,-0.0015526617078359672,17122.66941,1190710430.7714
2024-06-10,ETHUSDT,3667.85,1.5594335130354917,3713.67,-0.010455395782558196,3642.74,3706.4,3667.85,-0.010400928124325581,156363.1846,573516706.63511
2024-06-11,BTCUSDT,67314.24,1.5236515537165947,69590.01,-0.032530322415029955,66051.0,69540.0,67314.24,-0.032006902502156986,41436.01588,2789233917.5901313
2024-06-11,ETHUSDT,3497.33,1.48693474600772,3673.0,-0.0476058391088094,3432.0,3667.85,3497.33,-0.046490450809057116,439568.5978,1537316444.143874
2024-06-12,BTCUSDT,68263.99,1.5451490565204937,69999.0,0.014010590579490376,66905.0,67314.23,68263.99,0.014109198885703833,37175.32356,2537735915.7466044
2024-06-12,ETHUSDT,3560.12,1.5136307205659758,3659.01,0.017794431932076193,3462.07,3497.33,3560.12,0.01795369610531461,387043.774,1377922280.69288
2024-06-13,BTCUSDT,66773.01,1.5114008630689986,68449.3,-0.02208343776467173,66251.78,68263.98,66773.01,-0.021841383722223218,29079.55571,1941729464.219387
2024-06-13,ETHUSDT,3469.4,1.475059947960068,3561.65,-0.02581258381583872,3428.0,3560.13,3469.4,-0.025482287113917423,300230.8299,1041620841.2550601
2024-06-14,BTCUSDT,66043.99,1.4948995632594715,67370.24,-0.010977921824138023,65078.0,66773.01,66043.99,-0.010917884336799966,28408.18797,1876190082.2088003
2024-06-14,ETHUSDT,3481.8,1.4803319671434152,3532.61,0.003567733097309177,3362.26,3469.4,3481.8,0.003574105032570607,322316.4214,1122241316.03052
2024-06-15,BTCUSDT,66228.25,1.499070271200136,66478.48,0.0027860739213107213,65857.1,66043.99,66228.25,0.0027899586321176173,11451.80242,758432833.622365
2024-06-15,ETHUSDT,3568.74,1.517295624224077,3594.39,0.024663190874200495,3473.1,3481.8,3568.74,0.024969843184559526,246649.5894,880228255.6753559
2024-06-16,BTCUSDT,66676.87,1.5092247431221,66998.7,0.006751007092293841,66034.5,66228.25,66676.87,0.006773846508098869,9392.52223,626263983.7018201
2024-06-16,ETHUSDT,3624.41,1.5409644393802817,3653.79,0.015478924122645602,3541.05,3568.75,3624.41,0.015599343185550119,149839.982,543081529.16062
2024-06-17,BTCUSDT,66504.33,1.5053193162900023,67298.81,-0.002591057844952401,65130.0,66676.86,66504.33,-0.002587703951910103,27386.16851,1821298788.0246484
2024-06-17,ETHUSDT,3511.46,1.492942296899712,3638.37,-0.031659611030654206,3463.39,3624.41,3511.46,-0.031163692849318858,337805.6402,1186190993.336692
2024-06-18,BTCUSDT,65175.32,1.4752372987049431,66588.23,-0.020186188658431685,64060.0,66504.33,65175.32,-0.019983811580388866,42350.10244,2760181478.559781
2024-06-18,ETHUSDT,3483.42,1.4810207309399492,3517.2,-0.008017335592698611,3355.0,3511.47,3483.42,-0.007985282475095778,449913.3014,1567236992.362788
2024-06-19,BTCUSDT,64974.37,1.4706888141685457,65727.54,-0.0030879852219766885,64666.0,65175.32,64974.37,-0.0030832222994838787,20060.79576,1303437566.2046714
2024-06-19,ETHUSDT,3560.51,1.513796534072549,3590.01,0.02188922321442301,3465.65,3483.42,3560.51,0.022130549861917315,321500.0027,1144703974.613377
2024-06-20,BTCUSDT,64869.99,1.4683261825890026,66482.94,-0.001607771373120505,64559.15,64974.37,64869.99,-0.0016064796011104887,24265.29031,1574089139.7567968
2024-06-20,ETHUSDT,3513.08,1.4936310606962457,3625.96,-0.013410647446931425,3486.0,3560.51,3513.08,-0.013321125344402995,329117.8453,1156217319.966524
2024-06-21,BTCUSDT,64143.56,1.4518835071882799,65066.66,-0.011261416759841722,63379.35,64869.99,64143.56,-0.011198244365383747,25993.56442,1667319758.988135
2024-06-21,ETHUSDT,3518.5,1.4959354432747733,3547.55,0.0015416168410010394,3446.82,3513.08,3518.5,0.0015428057431086106,342155.102,1203872726.387
2024-06-22,BTCUSDT,64262.01,1.4545646119075448,64546.81,0.001844936066219504,63943.82,64143.56,64262.01,0.0018466390078755168,7308.95542,469688166.28959423
2024-06-22,ETHUSDT,3495.75,1.4862629887246808,3521.19,-0.006486817485643583,3475.09,3518.5,3495.75,-0.006465823504334223,115774.6157,404719112.83327496
2024-06-23,BTCUSDT,63210.01,1.4307526898757452,64521.0,-0.016505957689856198,63178.32,64262.01,63210.01,-0.016370480786393027,8224.45447,519867849.2932448
2024-06-23,ETHUSDT,3420.91,1.454443801976156,3521.45,-0.021641347386467055,3406.38,3495.76,3420.91,-0.021408853607952527,133411.4304,456388496.369664
2024-06-24,BTCUSDT,60293.3,1.3647332306463054,63369.8,-0.04724168823827901,58402.0,63210.01,60293.3,-0.04614316624851034,52161.35414,3144980173.5692625
2024-06-24,ETHUSDT,3352.73,1.4254561997244937,3435.76,-0.020131658213640387,3240.0,3420.91,3352.73,-0.01993036940463211,543370.4229,1821774317.969517
2024-06-25,BTCUSDT,61806.01,1.3989732806241797,62420.0,0.024779622477455705,60257.06,60293.3,61806.01,0.025089189014368074,31189.24361,1927682702.4520962
2024-06-25,ETHUSDT,3394.91,1.4433895682046216,3430.88,0.012502311747657655,3336.76,3352.74,3394.91,0.01258079236920362,240036.2236,814901375.861876
2024-06-26,BTCUSDT,60864.99,1.3776733805572934,62487.81,-0.015342476362678105,60712.0,61806.01,60864.99,-0.015225380185519222,22485.66463,1368589752.8483036
2024-06-26,ETHUSDT,3371.44,1.433410996411625,3426.75,-0.006937298285359013,3325.01,3394.91,3371.44,-0.00691329077943148,206949.3418,697717288.918192
2024-06-27,BTCUSDT,61706.47,1.3967202019939082,62389.22,0.013730655086801458,60606.63,60864.98,61706.47,0.013825353458531753,18344.28631,1131961152.8594258
2024-06-27,ETHUSDT,3450.44,1.4669988605635953,3477.0,0.02316180634208464,3361.74,3371.77,3450.44,0.02343212395890193,201041.6609,693682188.435796
2024-06-28,BTCUSDT,60427.84,1.367778531017178,62225.31,-0.020938861751513153,60063.0,61706.46,60427.84,-0.020721165868020086,24821.19255,1499891052.020592
2024-06-28,ETHUSDT,3380.15,1.4371141647250891,3487.7,-0.020581671934651647,3365.22,3450.44,3380.15,-0.02037131496272937,221634.3435,749157326.181525
2024-06-29,BTCUSDT,60986.68,1.3804278223748312,61224.0,0.009205553774616642,60383.77,60427.84,60986.68,0.009248055201046546,11509.55904,701929794.1135873
2024-06-29,ETHUSDT,3378.8,1.4365401948946441,3408.32,-0.000399470337242364,3371.86,3380.15,3378.8,-0.00039939055959048453,88329.7651,298448610.31988
2024-06-30,BTCUSDT,62772.01,1.4208386006647866,63058.76,0.028853793809744524,60712.21,60986.68,62772.01,0.029274097229099905,17326.30136,1087606762.2329338
2024-06-30,ETHUSDT,3438.16,1.461777860920732,3460.0,0.017415827691843896,3352.66,3378.8,3438.16,0.01756836746773982,141221.6185,485542519.86196
2024-07-01,BTCUSDT,62899.99,1.4237354160465638,63861.76,0.0020367312407112426,62497.2,62772.01,62899.99,0.002038806786655245,24547.10538,1544012682.930946
2024-07-01,ETHUSDT,3442.2,1.4634955187836933,3524.94,0.0011743572906945748,3423.78,3438.16,3442.2,0.0011750471182259137,224273.2122,771993251.03484
2024-07-02,BTCUSDT,62135.47,1.4064305770429977,63288.83,-0.012229003319739846,61806.28,62900.0,62135.47,-0.01215453293394797,18573.11875,1154049462.8970625
2024-07-02,ETHUSDT,3421.35,1.4546308736245974,3464.12,-0.006075591825215269,3402.0,3442.2,3421.35,-0.006057172738364924,137932.7014,471916047.93489
2024-07-03,BTCUSDT,60208.58,1.3628156013359116,62285.94,-0.0315021343281225,59400.0,62135.46,60208.58,-0.031011111688702075,32160.11127,1936314632.2086968
2024-07-03,ETHUSDT,3295.48,1.4011156272852496,3432.1,-0.03748337741811465,3251.0,3421.35,3295.48,-0.036789571368027185,310408.451,1022944842.10148
2024-07-04,BTCUSDT,57050.01,1.2913216635298452,60498.19,-0.05388661548310068,56771.0,60208.57,57050.01,-0.05246046327616427,54568.77276,3113149031.6457276
2024-07-04,ETHUSDT,3059.7,1.3008707334909264,3313.45,-0.07423496066796823,3050.34,3295.49,3059.7,-0.07154648184786438,450402.5692,1378096740.98124
2024-07-05,BTCUSDT,56628.79,1.281787388056238,57546.0,-0.007410738462197537,53485.93,57050.02,56628.79,-0.007383346646214428,81348.24756,4606652827.943253
2024-07-05,ETHUSDT,2981.78,1.2677420452033126,3110.0,-0.025796434310749378,2810.0,3059.7,2981.78,-0.025466549008072548,886994.3753,2644822088.382034
2024-07-06,BTCUSDT,58230.13,1.3180335698303847,58475.0,0.027885405242016163,56018.0,56628.79,58230.13,0.02827784241902398,21651.31558,1260758920.8944252
2024-07-06,ETHUSDT,3066.83,1.3039021445213512,3081.78,0.02812401720644482,2955.06,2981.79,3066.83,0.0285232310901542,214487.9713,657798145.021979
2024-07-07,BTCUSDT,55857.81,1.2643363275542638,58449.46,-0.04159356377998373,55724.37,58230.13,55857.81,-0.040740420809639244,19118.93918,1067942072.1179959
2024-07-07,ETHUSDT,2931.0,1.246152276321831,3073.08,-0.04530079310938496,2922.24,3066.83,2931.0,-0.04429003237871021,179892.7612,527265683.0772
2024-07-08,BTCUSDT,56714.62,1.2837301421132625,58236.73,0.015222671228313616,54260.16,55857.81,56714.62,0.015339126256471713,48090.2049,2727417696.625638
2024-07-08,ETHUSDT,3019.01,1.2835708576384752,3097.06,0.029585301345544966,2822.8,2930.99,3019.01,0.030027294438758068,500445.0105,1510848491.149605
2024-07-09,BTCUSDT,58050.0,1.313956344055111,58296.0,0.023272682322844962,56289.45,56714.61,58050.0,0.023545604290392763,27732.20788,1609854667.434
2024-07-09,ETHUSDT,3066.65,1.3038256152106251,3115.2,0.015656797515207238,3004.0,3019.01,3066.65,0.01578000735340379,280358.1424,859760297.3909601
2024-07-10,BTCUSDT,57725.85,1.3066192389917957,59470.0,-0.0055996280225802065,57157.79,58050.0,57725.85,-0.005583979328165345,24951.73799,1440360284.4500415
2024-07-10,ETHUSDT,3101.05,1.3184512168160398,3151.51,0.011155003229838744,3024.0,3066.65,3101.05,0.011217452268762251,270827.0844,839848330.0786201
2024-07-11,BTCUSDT,57339.89,1.2978830703345774,59650.0,-0.006708538049520128,57050.0,57725.85,57339.89,-0.0066860860429079905,29761.05735,1706495754.7326915
2024-07-11,ETHUSDT,3099.57,1.317821975816737,3217.24,-0.00047737162674238903,3054.76,3101.06,3099.57,-0.0004772577030360825,289229.32,896486523.3924
2024-07-12,BTCUSDT,57889.1,1.3103143875390306,58526.68,0.009532569171711086,56542.47,57339.89,57889.1,0.009578148824491928,23652.4569,1369219442.72979
2024-07-12,ETHUSDT,3133.88,1.332409312766789,3157.89,0.011008461282564313,3045.58,3099.57,3133.88,0.011069277351374529,185745.1825,582103112.5331
2024-07-13,BTCUSDT,59204.02,1.3400774792862302,59850.0,0.022460333746386348,57756.63,57889.09,59204.02,0.02271446610847283,15357.74519,909240253.3836638
2024-07-13,ETHUSDT,3175.93,1.350287410078059,3201.8,0.013328649364562585,3113.37,3133.89,3175.93,0.013417871775562418,119302.4769,378896315.46101695
2024-07-14,BTCUSDT,60797.91,1.376155031004163,61420.69,0.02656596839138983,59194.01,59204.01,60797.91,0.026921989418961845,21178.33907,1287598752.7273438
2024-07-14,ETHUSDT,3245.08,1.3796874202819673,3268.72,0.021539500325223178,3163.67,3175.93,3245.08,0.021773149911994416,165430.7716,536836088.303728
2024-07-15,BTCUSDT,64724.14,1.4650248814213809,64900.0,0.06257882518464983,60632.3,60797.91,64724.14,0.06457837119729937,38690.9782,2504240289.753748
2024-07-15,ETHUSDT,3483.39,1.4810079760548283,3493.63,0.0708659543880182,3233.22,3245.2,3483.39,0.07343732666066782,314296.8452,1094818487.601228
2024-07-16,BTCUSDT,65043.99,1.472264656385137,65388.97,0.004929571655444641,62373.24,64724.06,65043.99,0.0049417419837483045,42530.52915,2766355312.7273088
2024-07-16,ETHUSDT,3444.13,1.4643160830598112,3498.59,-0.011334624893841374,3346.55,3483.2,3444.13,-0.011270630047166663,376128.7869,1295436438.825897
2024-07-17,BTCUSDT,64087.99,1.4506256854132733,66128.63,-0.014806827344029673,63854.0,65044.0,64087.99,-0.014697745325894074,29567.52954,1894923537.4842246
2024-07-17,ETHUSDT,3387.05,1.4400477883029195,3517.0,-0.016711996605915814,3376.0,3444.14,3387.05,-0.01657312586923254,297812.5162,1008705882.99521
2024-07-18,BTCUSDT,63987.92,1.4483606102823585,65133.3,-0.0015626673332034774,63238.48,64087.99,63987.92,-0.001561447004345129,22568.7225,1444125609.8322
2024-07-18,ETHUSDT,3426.5,1.4568204622370362,3489.98,0.011579995990526091,3367.2,3387.05,3426.5,0.011647303700860645,241950.3457,829042859.5410501
2024-07-19,BTCUSDT,66660.0,1.50884289224313,67386.0,0.040910757335444886,63300.67,63987.92,66660.0,0.041759132036171875,35634.72739,2375410927.8174
2024-07-19,ETHUSDT,3503.53,1.489570755599394,3540.27,0.02223169961375485,3377.0,3426.49,3503.53,0.022480665402013766,299511.6422,1049348023.7969661
2024-07-20,BTCUSDT,67139.96,1.5197067421465358,67598.0,0.00717432290208512,66222.46,66660.01,67139.96,0.007200120012001321,14386.92434,965937524.7106265
2024-07-20,ETHUSDT,3517.5,1.495510280437407,3539.65,0.003979478348910874,3480.0,3503.53,3517.5,0.003987406986667663,147510.8165,518869297.03874993
2024-07-21,BTCUSDT,68165.34,1.5429161229573405,68366.66,0.015156828740989328,65777.0,67139.97,68165.34,0.015272276003738927,21819.11191,1487307181.8431993
2024-07-21,ETHUSDT,3535.92,1.503341779901702,3547.0,0.005223010078664497,3411.4,3517.5,3535.92,0.005236673773987288,218890.9656,773980943.084352
2024-07-22,BTCUSDT,67532.01,1.5285807573866184,68474.55,-0.009334516829783621,66559.97,68165.35,67532.01,-0.009291085469536275,21451.04303,1448632052.4123902
2024-07-22,ETHUSDT,3439.6,1.46239009540654,3562.82,-0.027618334530467182,3422.34,3535.93,3439.6,-0.02724043530396625,207859.5043,714953550.99028
2024-07-23,BTCUSDT,65936.01,1.4924554460151807,67750.98,-0.023916981434216472,65441.08,67532.0,65936.01,-0.023633237038257815,31406.15316,2070796428.8192916
2024-07-23,ETHUSDT,3482.51,1.4806338327579456,3541.0,0.012398112613455527,3389.0,3439.61,3482.51,0.012475287824165626,500568.7811,1743235785.8685613
2024-07-24,BTCUSDT,65376.0,1.4797796718164848,67102.01,-0.008529507623456261,65111.0,65936.0,65376.0,-0.00849323457697837,23082.56277,1509045623.65152
2024-07-24,ETHUSDT,3335.81,1.418262444516249,3487.82,-0.043037769729975965,3300.0,3482.51,3335.81,-0.04212478930426622,275479.0506,918945771.781986
2024-07-25,BTCUSDT,65799.95,1.489375740585859,66175.49,0.006463859817351855,63456.7,65376.01,65799.95,0.006484795643661334,35126.42934,2311317294.250533
2024-07-25,ETHUSDT,3175.48,1.3500960868012442,3342.5,-0.049256726417778035,3087.53,3335.82,3175.48,-0.04806328897629064,494282.6398,1569584637.032104
2024-07-26,BTCUSDT,67907.99,1.5370910296732312,68200.0,0.03153462223775808,65722.63,65799.95,67907.99,0.0320371064111753,24244.36023,1646385772.0552378
2024-07-26,ETHUSDT,3274.61,1.3922424788694063,3286.36,0.03073997600638479,3171.0,3175.47,3274.61,0.031217327774068826,260237.4641,852176202.316501
2024-07-27,BTCUSDT,67896.5,1.536830954593245,69399.99,-0.00016921384598440523,66650.0,67908.0,67896.5,-0.00016919953012906053,31710.21921,2153012898.591765
2024-07-27,ETHUSDT,3249.01,1.3813583102328186,3327.59,-0.007848443474350228,3191.01,3274.6,3249.01,-0.007817724858838138,231991.9037,753744015.0403371
2024-07-28,BTCUSDT,68249.88,1.5448296779844974,68318.43,0.005191188977428364,67066.66,67896.49,68249.88,0.005204686544961978,10868.69394,741787057.1617272
2024-07-28,ETHUSDT,3270.16,1.3903505042431243,3284.3,0.006488578823412966,3198.11,3249.0,3270.16,0.00650967525492363,103529.8329,338559118.35626394
2024-07-29,BTCUSDT,66784.69,1.5116652387812914,70079.99,-0.02170181316434392,66428.0,68249.88,66784.69,-0.02146802309396001,36467.29633,2435457080.5371876
2024-07-29,ETHUSDT,3317.66,1.4105457390180431,3396.77,0.014420801773655689,3258.0,3270.16,3317.66,0.014525283166572978,318471.5055,1056580174.9371301
2024-07-30,BTCUSDT,66188.0,1.498159216198445,67000.0,-0.008974685027823451,65302.67,66784.68,66188.0,-0.008934532749946156,23132.25441,1531077654.88908
2024-07-30,ETHUSDT,3279.21,1.394198227921293,3366.4,-0.01165717542179405,3233.18,3317.66,3279.21,-0.011589493799846862,197277.1641,646913249.288361
2024-07-31,BTCUSDT,64628.0,1.4628487614744832,66849.24,-0.02385142421501373,64530.0,66188.0,64628.0,-0.023569227050220576,22625.43905,1462236874.9234002
2024-07-31,ETHUSDT,3232.74,1.374440910868862,3350.0,-0.014272464880157914,3213.75,3279.2,3232.74,-0.014171096087167379,233711.3352,755527981.7544479
2024-08-01,BTCUSDT,65354.02,1.4792821565633876,65659.78,0.011171199683345215,62302.0,64628.01,65354.02,0.011233830537847433,35542.26854,2322830129.0085306
2024-08-01,ETHUSDT,3203.4,1.3619666332205227,3242.57,-0.009117329095398752,3080.02,3232.74,3203.4,-0.009075892277139452,323285.6105,1035613124.6757001
2024-08-02,BTCUSDT,61498.33,1.3920089724770852,65596.14,-0.06080893312569105,61230.01,65354.02,61498.33,-0.05899698289408972,38820.42937,2387391576.137952
2024-08-02,ETHUSDT,2989.61,1.2710710702198935,3218.6,-0.06906980163942816,2967.0,3203.4,2989.61,-0.06673846538053319,385704.0395,1153104653.5295951
2024-08-03,BTCUSDT,60697.99,1.3738933511092803,62198.22,-0.013099436128860992,59850.0,61498.34,60697.99,-0.013014011925201907,28034.71567,1701650891.3905034
2024-08-03,ETHUSDT,2903.64,1.2345198210914772,3018.02,-0.02917782177676601,2859.0,2989.61,2903.64,-0.028756259177618593,344595.3157,1000580742.4791479
2024-08-04,BTCUSDT,58161.0,1.3164688187181628,61117.63,-0.04269555681819708,57122.77,60697.99,58161.0,-0.04179693594466638,31616.52003,1838848421.46483
2024-08-04,ETHUSDT,2688.92,1.143228856652097,2935.46,-0.07682549632844399,2630.0,2903.65,2688.92,-0.07394856111639181,512064.2612,1376899833.225904
2024-08-05,BTCUSDT,54018.81,1.2227107338123635,58305.59,-0.07388270778154322,49000.0,58161.0,54018.81,-0.07121937380719046,162065.59186,8754590414.222885
2024-08-05,ETHUSDT,2419.59,1.0287197496641207,2697.44,-0.10554152167987006,2111.0,2688.91,2419.59,-0.10016289067729789,2670604.1003,6461766975.044877
2024-08-06,BTCUSDT,56022.01,1.2680529792630302,57040.99,0.03641232998749407,53950.0,54018.82,56022.01,0.03708337891930613,55884.77676,3130777522.4964876
2024-08-06,ETHUSDT,2461.33,1.0464660464958073,2556.23,0.017103749924450695,2414.19,2419.76,2461.33,0.017250856550076632,642283.8038,1580872394.807054
2024-08-07,BTCUSDT,55134.16,1.2479565771946526,57736.05,-0.015975161468007117,54558.62,56022.0,55134.16,-0.01584823536320812,44269.37684,2440754905.7968545
2024-08-07,ETHUSDT,2342.8,0.9960714953827311,2551.32,-0.049355059018510734,2309.04,2461.33,2342.8,-0.04815689078668839,630115.4228,1476234412.53584
2024-08-08,BTCUSDT,61685.99,1.3962566391011226,62745.14,0.11228735091416127,54730.0,55133.76,61685.99,0.11883431252058596,48349.52949,2982488592.624845
2024-08-08,ETHUSDT,2682.5,1.1404993112362027,2724.1,0.13540240028922618,2320.4,2342.79,2682.5,0.14499743896192574,586502.8754,1573293963.2605
2024-08-09,BTCUSDT,60837.99,1.377062238071687,61744.37,-0.013842409307287744,59535.0,61686.0,60837.99,-0.013747043696631933,30972.48017,1884303438.8576581
2024-08-09,ETHUSDT,2598.78,1.104904678491862,2707.98,-0.0317070913877183,2552.61,2682.5,2598.78,-0.031209692451071636,406739.9611,1057027676.1074581
2024-08-10,BTCUSDT,60923.51,1.37899797530758,61470.58,0.001404713543484379,60242.0,60837.99,60923.51,0.0014057006156844576,9995.20621,608943045.4869971
2024-08-10,ETHUSDT,2609.92,1.109640992500127,2644.7,0.004277465388845785,2576.49,2598.79,2609.92,0.004286626801806914,171012.3619,446328583.570048
2024-08-11,BTCUSDT,58712.59,1.3289540070009767,61858.0,-0.036964958668207114,58286.73,60923.51,58712.59,-0.03629009556409346,19189.84512,1126685508.6940608
2024-08-11,ETHUSDT,2555.38,1.0864526113501465,2720.0,-0.021118628942741847,2540.0,2609.92,2555.38,-0.020897192251103425,297098.9145,759200624.1350101
2024-08-12,BTCUSDT,59346.64,1.3433056697046484,60711.09,0.010741321896940523,57642.21,58712.59,59346.64,0.0107992169992841,37009.91743,2196414246.1479354
2024-08-12,ETHUSDT,2722.3,1.157420792163398,2750.0,0.06327617065377597,2510.05,2555.38,2722.3,0.06532100900844506,483414.2506,1315998614.4083803
2024-08-13,BTCUSDT,60587.15,1.3713844980313292,61578.1,0.020687318243458014,58392.88,59346.64,60587.15,0.02090278404977952,27858.95851,1687894898.0891466
2024-08-13,ETHUSDT,2702.44,1.1489770582132952,2738.4,-0.007322042615237078,2611.37,2722.3,2702.44,-0.007295301766888307,325668.6964,880100111.899216
2024-08-14,BTCUSDT,58683.39,1.3282930677202462,61800.0,-0.031926101818424826,58433.18,60587.16,58683.39,-0.031421844400999266,28422.76326,1667944101.2642515
2024-08-14,ETHUSDT,2661.45,1.1315496335096336,2780.0,-0.015283981564079844,2632.2,2702.44,2661.45,-0.015167774307662807,338808.7141,901722452.1414449
2024-08-15,BTCUSDT,57541.06,1.3024365345504878,59849.38,-0.019657942646201854,56078.54,58683.39,57541.06,-0.019465985179111134,37686.17622,2168502527.0455933
2024-08-15,ETHUSDT,2569.89,1.0926217241203375,2675.6,-0.035007990620865556,2515.71,2661.45,2569.89,-0.034402299498393685,356546.8059,916286071.0143509
2024-08-16,BTCUSDT,58874.6,1.332621088263688,59817.76,0.022910978337253942,57098.62,57541.05,58874.6,0.023175450712934476,27610.84344,1625577363.192624
2024-08-16,ETHUSDT,2592.73,1.1023324433257933,2630.97,0.008848278205884167,2550.04,2569.9,2592.73,0.008887539933615907,270684.1373,701810883.301829
2024-08-17,BTCUSDT,59491.99,1.3465956534188332,59700.0,0.010431923382209742,58785.05,58874.59,59491.99,0.010486525598475405,7721.72931,459381042.89322686
2024-08-17,ETHUSDT,2614.51,1.1115924899236405,2629.69,0.008365324821256171,2587.5,2592.72,2614.51,0.008400411921025475,89348.676,233603006.88876003
2024-08-18,BTCUSDT,58427.35,1.322497626164142,60284.99,-0.018057579517003593,58408.92,59491.99,58427.35,-0.017895518371464747,13634.85717,796648572.0715995
2024-08-18,ETHUSDT,2612.15,1.110589105627455,2689.16,-0.0009030624377273868,2594.53,2614.51,2612.15,-0.0009026547995609757,174074.0585,454707551.91077507
2024-08-19,BTCUSDT,59438.5,1.3453849122501251,59617.63,0.017158062435947308,57787.3,58427.35,59438.5,0.017306107499313272,22809.31251,1355751321.625635
2024-08-19,ETHUSDT,2636.36,1.1208822979201032,2648.08,0.00922554085269927,2563.58,2612.15,2636.36,0.009268227322320799,224867.1336,592830716.3376961
2024-08-20,BTCUSDT,59013.8,1.3357718673005954,61400.0,-0.007170849698593443,58548.23,59438.5,59013.8,-0.007145200501358473,31477.44548,1857603672.067624
2024-08-20,ETHUSDT,2572.82,1.0938674512338225,2695.0,-0.024396604272670947,2555.0,2636.36,2572.82,-0.024101412553672485,281315.8751,723775109.7747821
2024-08-21,BTCUSDT,61156.03,1.3842610438540008,61820.93,0.03565715238614722,58783.47,59013.8,61156.03,0.03630049242719502,27983.6422,1711368461.8924658
2024-08-21,ETHUSDT,2630.71,1.1184801278889813,2663.74,0.022251198129545374,2536.22,2572.81,2630.71,0.022500602451784424,245286.6218,645277968.835478
2024-08-22,BTCUSDT,60375.84,1.3666015158597138,61400.0,-0.012839442327577983,59724.87,61156.03,60375.84,-0.012757368324922358,21241.20588,1282455647.6179392
2024-08-22,ETHUSDT,2622.88,1.1151511028724,2644.69,-0.002980821037672695,2584.2,2630.71,2622.88,-0.002976382801601063,199063.1196,522118675.136448
2024-08-23,BTCUSDT,64037.24,1.4494769638894018,64955.0,0.05887576421662603,60342.14,60375.83,64037.24,0.06064346268308651,38118.07089,2440976053.919944
2024-08-23,ETHUSDT,2762.48,1.1745038349687926,2799.13,0.05185587630264984,2621.4,2622.89,2762.48,0.05322393704630013,401786.4447,1109927017.7548559
2024-08-24,BTCUSDT,64157.01,1.452187946685741,64494.5,0.0018685710918962383,63531.0,64037.24,64157.01,0.0018703179587378216,15857.15616,1017347726.3286817
2024-08-24,ETHUSDT,2768.0,1.176850733831057,2820.0,0.0019962107567640143,2731.26,2762.49,2768.0,0.0019982045118878133,263542.9441,729486869.2688
2024-08-25,BTCUSDT,64220.0,1.4536137194697552,65000.0,0.0009813284334161388,63773.27,64157.02,64220.0,0.0009818100937060148,12305.47977,790257910.8294
2024-08-25,ETHUSDT,2746.13,1.167552422577847,2792.28,-0.007932389942457324,2733.21,2768.01,2746.13,-0.00790101156069356,154527.2352,424351876.399776
2024-08-26,BTCUSDT,62834.0,1.4222417385419277,64481.0,-0.021818360418123024,62800.0,64219.99,62834.0,-0.021582061663033336,19470.05276,1223381295.12184
2024-08-26,ETHUSDT,2680.49,1.139644733933096,2762.0,-0.02419303418173669,2666.66,2746.12,2680.49,-0.023902728567110954,211708.1247,567481511.1771029
2024-08-27,BTCUSDT,59415.0,1.3448529919385783,63212.0,-0.05594960850125526,58034.01,62834.0,59415.0,-0.05441321577489899,35135.94178,2087601980.8587
2024-08-27,ETHUSDT,2457.33,1.0447653951463407,2699.98,-0.0869242189766755,2392.96,2680.49,2457.33,-0.08325343500628613,412660.7197,1014043566.340401
2024-08-28,BTCUSDT,59034.9,1.336249463835644,60234.98,-0.006417925294743356,57860.0,59415.0,59034.9,-0.006397374400403888,36868.54275,2176530734.391975
2024-08-28,ETHUSDT,2528.33,1.074951956599377,2554.6,0.028483611085400803,2418.8,2457.33,2528.33,0.028893148254406142,451266.634,1140950968.74122
2024-08-29,BTCUSDT,59359.01,1.3435856635026844,61166.99,0.005475126375226921,58713.09,59034.9,59359.01,0.0054901422717748005,27020.90743,1603934314.3464444
2024-08-29,ETHUSDT,2527.61,1.0746458393564733,2595.4,-0.0002848135084145817,2505.88,2528.33,2527.61,-0.0002847729528976384,237002.9632,599051059.813952
2024-08-30,BTCUSDT,59123.99,1.3382660076890784,59944.07,-0.003967156608714223,57701.1,59359.0,59123.99,-0.003959297838693754,28519.32195,1686176105.7785804
2024-08-30,ETHUSDT,2526.0,1.0739613271883128,2552.17,-0.0006371683032404386,2431.14,2527.6,2526.0,-0.0006369653546235421,338379.1941,854745844.2966001
2024-08-31,BTCUSDT,58973.99,1.3348707716579282,59462.38,-0.00254026496747557,58744.0,59123.99,58973.99,-0.0025370412247210927,8798.409,518877284.38190997
2024-08-31,ETHUSDT,2513.01,1.0684384619309193,2533.95,-0.005155786067161088,2491.92,2525.99,2513.01,-0.005142517814726744,97946.1147,246139565.70224702
2024-09-01,BTCUSDT,57301.86,1.2970222648261476,59076.59,-0.028763415319443375,57201.0,58974.0,57301.86,-0.028353686091105557,20705.15741,1186444031.1857827
2024-09-01,ETHUSDT,2425.72,1.031325997857179,2516.28,-0.035352850323422016,2400.0,2513.0,2425.72,-0.03473523782237253,223127.776,541245508.79872
2024-09-02,BTCUSDT,59132.13,1.3384502558310354,59425.69,0.03144134758080365,57128.0,57301.77,59132.13,0.03194084799341579,22895.01461,1353830980.2704191
2024-09-02,ETHUSDT,2538.01,1.079067532865087,2564.83,0.04525192185704056,2423.52,2425.71,2538.01,0.04629141038537021,262632.8385,666564770.441385
2024-09-03,BTCUSDT,57487.73,1.30122941496688,59809.65,-0.028202897779850595,57415.0,59132.12,57487.73,-0.0278089086254798,22828.18447,1312340505.201553
2024-09-03,ETHUSDT,2425.29,1.0311431778371112,2553.6,-0.04542920452647489,2411.12,2538.0,2425.29,-0.04441274857073074,224793.1299,545188530.015171
2024-09-04,BTCUSDT,57970.9,1.312165922921352,58519.0,0.008369626775024829,55606.0,57487.74,57970.9,0.008404750022309004,35560.82146,2061492824.775514
2024-09-04,ETHUSDT,2450.71,1.041950817162973,2490.0,0.01042667362399451,2306.65,2425.28,2450.71,0.010481220802460722,384179.3854,941512261.5936341
2024-09-05,BTCUSDT,56180.0,1.2716290682001066,58327.07,-0.03138033882672037,55643.65,57970.9,56180.0,-0.030893086013844884,27806.91413,1562192435.8234
2024-09-05,ETHUSDT,2368.81,1.0071299807826393,2466.0,-0.033990059149168084,2348.04,2450.71,2368.81,-0.03341888677158866,278549.0969,659829886.227689
2024-09-06,BTCUSDT,53962.97,1.221446800612501,57008.0,-0.040262751080288636,52550.0,56180.0,53962.97,-0.03946297614809535,54447.76826,2938163285.181332
2024-09-06,ETHUSDT,2225.23,0.9460851005935269,2408.83,-0.06252743828077964,2150.55,2368.81,2225.23,-0.06061271271229007,643027.111,1430883218.21053
2024-09-07,BTCUSDT,54160.86,1.225926022333863,54850.0,0.0036604367595428834,53745.54,53962.97,54160.86,0.0036671443399056702,16694.04774,904163982.4794565
2024-09-07,ETHUSDT,2273.58,0.9666417237802074,2311.27,0.021495400637582665,2220.98,2225.24,2273.58,0.021728091028792473,219453.2076,498944423.735208
2024-09-08,BTCUSDT,54869.95,1.2419762084493848,55318.0,0.01300733247035669,53629.01,54160.86,54869.95,0.013092295801802267,16274.14779,892961675.5299104
2024-09-08,ETHUSDT,2297.3,0.9767265862825459,2333.58,0.010378838616076844,2240.94,2273.58,2297.3,0.010432885581330043,192775.6493,442863499.13689
2024-09-09,BTCUSDT,57042.0,1.2911403579257832,58088.0,0.03882199877924005,54591.96,54869.95,57042.0,0.03958541970605056,32384.51737,1847277639.81954
2024-09-09,ETHUSDT,2359.5,1.0031717147667554,2381.41,0.026715211868316886,2272.8,2297.3,2359.5,0.02707526226439727,321698.99,759048766.905
2024-09-10,BTCUSDT,57635.99,1.304585266260069,58044.36,0.010359360363052208,56386.4,57042.01,57635.99,0.010413204305599333,23626.78126,1361752928.4335473
2024-09-10,ETHUSDT,2388.52,1.0155099403071373,2400.0,0.012224195084661072,2320.41,2359.51,2388.52,0.012299215935579477,224382.1729,535941307.615108
2024-09-11,BTCUSDT,57338.0,1.2978402903605861,57981.71,-0.005183618786241656,55545.19,57635.99,57338.0,-0.005170207018218909,33026.56757,1893677331.32866
2024-09-11,ETHUSDT,2340.55,0.995114878998656,2389.32,-0.020287982782529586,2277.68,2388.52,2340.55,-0.0200835663925778,282898.3125,662137645.3218751
2024-09-12,BTCUSDT,58132.32,1.3158196495890075,58588.0,0.013758211280425158,57324.0,57338.0,58132.32,0.013853291011196811,31074.40631,1806427331.422939
2024-09-12,ETHUSDT,2361.76,1.004132582779204,2391.93,0.0090211593201128,2315.39,2340.54,2361.76,0.009061972613274571,202611.1308,478518864.2782081
2024-09-13,BTCUSDT,60498.0,1.369366596083483,60625.0,0.039888515176949337,57632.62,58132.31,60498.0,0.04069474605520651,29825.23333,1804366965.99834
2024-09-13,ETHUSDT,2439.19,1.0370529412765082,2464.82,0.03225891317213316,2337.35,2361.75,2439.19,0.03278487229862459,253888.616,619282573.2610401
2024-09-14,BTCUSDT,59993.03,1.3579366471591503,60610.45,-0.008381917831569096,59400.0,60497.99,59993.03,-0.008346887500413236,12137.90901,728189939.3742002
2024-09-14,ETHUSDT,2417.79,1.0279544565568606,2440.6,-0.008812117192878863,2376.72,2439.19,2417.79,-0.008773404285849051,122931.2302,297221899.065258
2024-09-15,BTCUSDT,59132.0,1.338447313293142,60395.8,-0.014456155768720775,58691.05,59993.02,59132.0,-0.014352167243428138,13757.92361,813533538.90652
2024-09-15,ETHUSDT,2316.1,0.9847196476250396,2430.32,-0.042969163114274886,2283.75,2417.8,2316.1,-0.04205907047344892,174364.1946,403844911.11305994
2024-09-16,BTCUSDT,58213.99,1.3176682424334345,59210.7,-0.01564652918074257,57493.3,59132.0,58213.99,-0.01552475816816612,26477.5642,1541364657.563158
2024-09-16,ETHUSDT,2295.68,0.9760378224860113,2335.7,-0.008855640749803263,2252.39,2316.09,2295.68,-0.008816545054185942,330555.232,758849034.9977599
2024-09-17,BTCUSDT,60313.99,1.3652015468695367,61320.0,0.035438379599161005,57610.01,58213.99,60313.99,0.03607380287796791,33116.25878,1997373700.894332
2024-09-17,ETHUSDT,2341.8,0.9956463325453642,2393.63,0.019890768510761287,2263.29,2295.67,2341.8,0.02008990800111521,274206.2588,642136216.8578401
2024-09-18,BTCUSDT,61759.99,1.3979316222098241,61786.24,0.023691660342147144,59174.8,60313.99,61759.99,0.023974537250810224,36087.02469,2228734283.984153
2024-09-18,ETHUSDT,2374.75,1.0096554480365971,2376.14,0.013972304355667368,2277.34,2341.79,2374.75,0.014070373217183185,292917.6008,695606072.4998001
2024-09-19,BTCUSDT,62947.99,1.4248218915765334,63850.0,0.01905308607791393,61555.0,61759.98,62947.99,0.019235754409934414,34332.52608,2161163508.358579
2024-09-19,ETHUSDT,2465.21,1.04811567830479,2494.95,0.037384827775575745,2372.6,2374.74,2465.21,0.038092430782187714,326746.032,805497585.54672
2024-09-20,BTCUSDT,63201.05,1.430549881110153,64133.32,0.004012085061529829,62350.0,62948.0,63201.05,0.004020144249244684,25466.37794,1609501825.504837
2024-09-20,ETHUSDT,2561.4,1.0890120916310941,2571.93,0.03827698744610405,2437.31,2465.21,2561.4,0.03901898824035288,340754.5912,872808809.8996801
2024-09-21,BTCUSDT,63348.96,1.4338978101859357,63559.9,0.0023375749611005414,62758.0,63201.05,63348.96,0.0023403092195461994,8375.34608,530569463.80807674
2024-09-21,ETHUSDT,2612.4,1.1106953963367963,2623.34,0.019715355036530664,2528.97,2561.4,2612.4,0.0199109861794331,154757.8773,404289478.65852
2024-09-22,BTCUSDT,63578.76,1.4390993117856576,64000.0,0.0036209624041565595,62357.93,63348.97,63578.76,0.003627526008319615,14242.19892,905501347.0069393
2024-09-22,ETHUSDT,2581.0,1.0973452832434816,2632.57,-0.012092418309888196,2524.58,2612.4,2581.0,-0.01201959883631909,214266.3257,553021386.6316999
2024-09-23,BTCUSDT,63339.99,1.4336947750712727,64745.88,-0.0037625690717466927,62538.75,63578.76,63339.99,-0.0037554994781276996,24078.05287,1525103628.0052712
2024-09-23,ETHUSDT,2646.97,1.1253932756245633,2702.82,0.025238668859070917,2539.49,2580.99,2646.97,0.025559860519178468,333282.0149,882187494.9798529
2024-09-24,BTCUSDT,64262.7,1.4545802299932897,64688.0,0.01446248637939056,62700.0,63339.99,64262.7,0.014567574134444872,23185.04759,1489933757.7618928
2024-09-24,ETHUSDT,2653.2,1.128042040101358,2670.96,0.002350869073716024,2591.56,2646.98,2653.2,0.002353634533069915,288600.0402,765713626.6586399
2024-09-25,BTCUSDT,63152.01,1.4294398652770353,64817.99,-0.017434692343162504,62947.08,64262.7,63152.01,-0.017283587524333677,17813.11168,1124933806.946477
2024-09-25,ETHUSDT,2579.95,1.0968988622642464,2673.5,-0.027996439768490675,2554.05,2653.2,2579.95,-0.027608171264887682,220343.4293,568475030.422535
2024-09-26,BTCUSDT,65173.99,1.4752071942788019,65839.0,0.03151578569135097,62670.0,63152.01,65173.99,0.03201766657941674,28373.30593,1849201556.9487605
2024-09-26,ETHUSDT,2632.26,1.1191391302868992,2666.22,0.020072773877989385,2559.2,2580.09,2632.26,0.020275586736177242,278686.3573,733574950.866498
2024-09-27,BTCUSDT,65769.95,1.48869669337963,66498.0,0.009102584128001627,64819.9,65173.99,65769.95,0.009144138635673427,22048.80487,1450148793.8596563
2024-09-27,ETHUSDT,2694.43,1.1455715038859875,2728.6,0.023343886429398778,2615.21,2632.25,2694.43,0.023618487535425725,281826.9792,759363067.565856
2024-09-28,BTCUSDT,65858.0,1.490689696929915,66260.0,0.0013378619530761801,65422.23,65769.95,65858.0,0.0013387572896133015,9127.23316,601101321.45128
2024-09-28,ETHUSDT,2675.21,1.1373998741517994,2704.35,-0.0071587972686246865,2650.0,2694.43,2675.21,-0.007133234116306508,137230.0342,367119159.79218197
2024-09-29,BTCUSDT,65602.01,1.4848953871191541,66076.12,-0.003894573316477157,65432.0,65858.0,65602.01,-0.0038869993015275828,8337.74111,546972575.6756312
2024-09-29,ETHUSDT,2657.62,1.129921259842519,2683.7,-0.006596896503964429,2629.73,2675.21,2657.62,-0.00657518475185126,160554.3146,426692357.56725204
2024-09-30,BTCUSDT,63327.59,1.4334141022260307,65618.8,-0.03528524055475455,62856.3,65602.01,63327.59,-0.03466997428889751,30011.08752,1900529845.9206767
2024-09-30,ETHUSDT,2602.23,1.1063714902807769,2663.5,-0.021062215708309424,2575.0,2657.62,2602.23,-0.020841956336872802,282475.7961,735066990.8853029
2024-10-01,BTCUSDT,60805.78,1.3763331677212653,64130.63,-0.04063624492665931,60164.0,63327.6,60805.78,-0.03982166382772501,43671.48108,2655478470.824642
2024-10-01,ETHUSDT,2447.79,1.0407093416778619,2659.0,-0.06118319307059319,2414.0,2602.24,2447.79,-0.059349096736260876,502828.6804,1230819015.596316
2024-10-02,BTCUSDT,60649.28,1.372790804795432,62390.31,-0.002577086316775542,60000.0,60804.92,60649.28,-0.002573768480562233,31534.70118,1912556921.5821505
2024-10-02,ETHUSDT,2364.1,1.005127463818642,2499.0,-0.0347881768230544,2352.0,2447.78,2364.1,-0.03419002447105346,317484.735,750565662.0135
2024-10-03,BTCUSDT,60752.71,1.3751319332134446,61477.19,0.001703926352847916,59828.11,60649.27,60752.71,0.001705378860227258,26221.43472,1593023219.3280911
2024-10-03,ETHUSDT,2349.8,0.9990476352442981,2403.38,-0.006067181682279811,2310.0,2364.09,2349.8,-0.006048813501966843,314635.9263,739331499.61974
2024-10-04,BTCUSDT,62086.0,1.4053108281999258,62484.85,0.02170883041003728,60459.9,60752.72,62086.0,0.021946181495442696,21294.65994,1322100257.03484
2024-10-04,ETHUSDT,2414.41,1.0265174061665612,2441.64,0.02712473268730683,2339.15,2349.8,2414.41,0.027495957102732005,239383.017,577968750.0749699
2024-10-05,BTCUSDT,62058.0,1.4046770508074446,62370.56,-0.00045108906551724495,61689.26,62086.0,62058.0,-0.00045098734014104025,7807.46141,484515440.18178
2024-10-05,ETHUSDT,2414.66,1.0266236968759028,2428.23,0.00010353960502683366,2390.05,2414.41,2414.66,0.00010354496543674152,103740.2316,250497387.635256
2024-10-06,BTCUSDT,62819.91,1.4219228127040686,62975.0,0.012202629820996201,61798.97,62058.01,62819.91,0.012277385671468632,8906.86177,559528254.7738407
2024-10-06,ETHUSDT,2440.03,1.0374100780598965,2457.8,0.010451843867824944,2407.0,2414.66,2440.03,0.01050665518126781,105752.7096,258039784.00528803
2024-10-07,BTCUSDT,62224.0,1.408434445348584,64478.19,-0.009531284031326389,62128.0,62819.91,62224.0,-0.009486005312646983,25966.1852,1615719907.8848
2024-10-07,ETHUSDT,2422.71,1.0300462577167049,2521.0,-0.007123585979335531,2403.0,2440.02,2422.71,-0.007098273381884734,300459.5407,727926333.849297
2024-10-08,BTCUSDT,62160.49,1.406996902412995,63200.0,-0.0010211885021863328,61860.31,62224.01,62160.49,-0.001020667266649511,19702.22371,1224699879.9032178
2024-10-08,ETHUSDT,2440.89,1.0377757181000316,2466.66,0.007475978564708481,2401.18,2422.7,2440.89,0.007503993461867031,201358.3312,491493537.04276794
2024-10-09,BTCUSDT,60636.02,1.3724906659302782,62543.75,-0.024830482976427176,60301.0,62160.5,60636.02,-0.02452474232426416,20011.15684,1213396906.3733766
2024-10-09,ETHUSDT,2370.47,1.0078357510926677,2473.61,-0.029274479174812445,2351.42,2440.88,2370.47,-0.028850132533625117,242082.2725,573848764.4930749
2024-10-10,BTCUSDT,60326.39,1.3654822197147782,61321.68,-0.005119452832531935,58946.0,60636.01,60326.39,-0.005106370767738344,23967.92481,1445898379.5787358
2024-10-10,ETHUSDT,2386.49,1.0146468597472824,2421.36,0.006735419496232244,2330.66,2370.47,2386.49,0.006758153446362991,257862.9619,615387379.9447309
2024-10-11,BTCUSDT,62540.0,1.4155870759208733,63417.56,0.03603669892744918,60087.64,60326.4,62540.0,0.036693891346722296,23641.35209,1478530159.7086
2024-10-11,ETHUSDT,2439.5,1.037184741756092,2471.45,0.02196943305546825,2381.86,2386.49,2439.5,0.022212538078936195,235441.2197,574358855.4581499
2024-10-12,BTCUSDT,63206.22,1.4306669035786925,63480.0,0.010596362001929363,62487.23,62539.99,63206.22,0.010652702270546932,10911.30116,689662101.6052153
2024-10-12,ETHUSDT,2476.4,1.0528732504549236,2490.51,0.015012792389185134,2434.35,2439.49,2476.4,0.015126050420168013,139637.5062,345798320.35368
2024-10-13,BTCUSDT,62870.02,1.4230570478875413,63285.72,-0.0053332935199566596,62050.0,63206.23,62870.02,-0.005319096759781039,11909.21995,748732896.440899
2024-10-13,ETHUSDT,2468.91,1.0496887808030468,2484.92,-0.003029134969148349,2436.4,2476.4,2468.91,-0.0030245517686965373,120022.8179,296325535.34148896
2024-10-14,BTCUSDT,66083.99,1.4958049595344458,66500.0,0.04985708823410627,62457.81,62870.02,66083.99,0.051120868102157546,37669.95222,2489380745.8069577
2024-10-14,ETHUSDT,2629.79,1.1180889780786034,2654.0,0.06312723739912225,2443.39,2468.92,2629.79,0.06516235909773949,435900.1619,1146325886.763001
2024-10-15,BTCUSDT,67074.14,1.5182169125760678,67950.0,0.014872066015212413,64800.01,66084.0,67074.14,0.014983205463229288,43683.95423,2930063661.7766123
2024-10-15,ETHUSDT,2607.41,1.1085738337783364,2688.6,-0.008546603615558843,2537.36,2629.79,2607.41,-0.008510185223915223,416285.6663,1085427409.1672828
2024-10-16,BTCUSDT,67620.01,1.5305726291915607,68424.0,0.008105370403983361,66750.49,67074.14,67620.01,0.008138307848598592,29938.25544,2024425132.2353542
2024-10-16,ETHUSDT,2611.1,1.1101426846482194,2647.79,0.0014141970083359115,2588.67,2607.41,2611.1,0.0014151974564797776,260322.4242,679727881.82862
2024-10-17,BTCUSDT,67421.78,1.5260857116018616,67939.4,-0.0029358340463448997,66666.0,67620.0,67421.78,-0.0029315286998625734,25328.22861,1707674257.1331255
2024-10-17,ETHUSDT,2605.8,1.1078893216101762,2648.37,-0.002031858698996803,2575.4,2611.1,2605.8,-0.0020297958714716735,221624.5434,577509235.19172
2024-10-18,BTCUSDT,68428.0,1.5488614075969545,69000.0,0.014813986471420449,67192.36,67421.78,68428.0,0.014924257413553965,28725.635,1965637751.78
2024-10-18,ETHUSDT,2642.17,1.1233524940052033,2675.58,0.01386081943641187,2596.49,2605.79,2642.17,0.013957325965154643,292444.1153,772687068.1222011
2024-10-19,BTCUSDT,68378.0,1.5477296622532377,68693.26,-0.0007309621248523259,68010.0,68427.99,68378.0,-0.000730695037119311,8193.66737,560266587.4258599
2024-10-19,ETHUSDT,2648.2,1.1259162259145243,2663.49,0.0022796147004131985,2631.02,2642.17,2648.2,0.002282214997520793,105413.7646,279156731.41371995
2024-10-20,BTCUSDT,69031.99,1.5625326649999838,69400.0,0.00951888488044817,68100.0,68377.99,69031.99,0.00956433355757702,12442.47378,858928725.5562223
2024-10-20,ETHUSDT,2746.91,1.1678840495909926,2759.0,0.03659647963870094,2635.54,2648.2,2746.91,0.03727437504720199,256910.7448,705710693.9985679
2024-10-21,BTCUSDT,67377.5,1.5250834379254659,69519.52,-0.02425888605349007,66840.67,69032.0,67377.5,-0.023967004283086846,31374.42184,2113930107.5246
2024-10-21,ETHUSDT,2666.7,1.1337817384058086,2769.48,-0.02963489062861841,2655.01,2746.91,2666.7,-0.029200083002355437,310674.7232,828476284.35744
2024-10-22,BTCUSDT,67426.0,1.5261812309088714,67836.01,0.0007195659176902162,66571.42,67377.5,67426.0,0.0007198248673518926,24598.96268,1658609657.66168
2024-10-22,ETHUSDT,2622.81,1.1151213414737837,2671.92,-0.016595490814311574,2606.56,2666.71,2622.81,-0.016458544268196595,265747.713,697005759.1335299
2024-10-23,BTCUSDT,66668.65,1.509038684187594,67472.83,-0.01129587277243706,65260.0,67426.01,66668.65,-0.011232313944175898,25530.2407,1702066681.6440547
2024-10-23,ETHUSDT,2524.61,1.0733703508443728,2628.2,-0.03815966676698236,2450.0,2622.81,2524.61,-0.03744076010080788,352647.7086,890297931.608646
2024-10-24,BTCUSDT,68198.28,1.5436617167897821,68850.0,0.02268451715263484,66510.0,66668.65,68198.28,0.022943767422919148,22589.83877,1540588149.5913155
2024-10-24,ETHUSDT,2535.82,1.0781364262512536,2562.65,0.004430460785638904,2507.31,2524.6,2535.82,0.004440289787333462,290851.7842,737547771.4100441
2024-10-25,BTCUSDT,66698.33,1.5097104882236243,68771.49,-0.022239429463163648,65596.29,68198.27,66698.33,-0.02199395644582236,34479.71125,2299739159.2572126
2024-10-25,ETHUSDT,2440.62,1.0376609241339425,2566.33,-0.03826495074970141,2382.59,2535.82,2440.62,-0.03754209683652632,514799.8822,1256430888.494964
2024-10-26,BTCUSDT,67092.76,1.5186383745420677,67454.55,0.005896224370562871,66439.9,66698.32,67092.76,0.005913641316056761,11842.9077,794573364.0182519
2024-10-26,ETHUSDT,2482.51,1.055470995391234,2508.0,0.017018039738213687,2430.12,2440.63,2482.51,0.017163671526087665,248724.8313,617461880.9505631
2024-10-27,BTCUSDT,68021.7,1.539664844933912,68332.05,0.013750632418520554,66913.73,67092.76,68021.7,0.013845607186230069,8653.19592,588605096.911464
2024-10-27,ETHUSDT,2507.8,1.066223363548238,2527.99,0.010135729647841258,2464.13,2482.51,2507.8,0.010187270141912785,137580.8836,345025339.89208
2024-10-28,BTCUSDT,69962.21,1.583588108072627,70270.0,0.02812846721520796,67618.0,68021.69,69962.21,0.028527808037729363,29046.75459,2032175144.444044
2024-10-28,ETHUSDT,2567.48,1.0915970816822835,2589.67,0.023518998337260344,2471.67,2507.8,2567.48,0.023797751016827462,360605.327,925846964.96596
2024-10-29,BTCUSDT,72736.42,1.6463820930724742,73620.12,0.03888698282937757,69760.0,69962.21,72736.42,0.03965297837218107,50128.60594,3646175335.6663346
2024-10-29,ETHUSDT,2638.8,1.1219196952432773,2681.86,0.027399395255018,2561.2,2567.49,2638.8,0.02777821054107532,451915.7025,1192515155.7570002
2024-10-30,BTCUSDT,72344.74,1.6375164527479351,72961.0,-0.005399473668343945,71436.0,72736.41,72344.74,-0.00538492271134583,26885.99056,1945059996.7056544
2024-10-30,ETHUSDT,2659.19,1.1305887654971847,2722.3,0.007697296775859888,2599.66,2638.8,2659.19,0.00772699711990299,460627.126,1224895047.18794
2024-10-31,BTCUSDT,70292.01,1.5910531003597825,72700.0,-0.02878461169591104,69685.76,72344.75,70292.01,-0.028374281253896405,29352.10297,2063218315.4882696
2024-10-31,ETHUSDT,2518.61,1.0708193738201723,2669.0,-0.054314403100932634,2503.0,2659.19,2518.61,-0.052865722268811144,403427.2017,1016075784.473637
2024-11-01,BTCUSDT,69496.01,1.5730357144878122,71632.95,-0.011388795745506882,68820.14,70292.01,69496.01,-0.011324188908526045,38301.86755,2661826970.2734756
2024-11-01,ETHUSDT,2511.49,1.067792214418121,2586.8,-0.002830959525723158,2467.67,2518.61,2511.49,-0.0028269561385051434,430249.1073,1080566330.4928768
2024-11-02,BTCUSDT,69374.74,1.570290779331162,69914.37,-0.0017465165389545408,69000.14,69496.0,69374.74,-0.0017449922664622974,10521.67243,729938289.1964183
2024-11-02,ETHUSDT,2494.23,1.060453903845172,2523.45,-0.006896138178868885,2470.0,2511.49,2494.23,-0.006872414383493397,145961.13,364060629.2799
2024-11-03,BTCUSDT,68775.99,1.5567381288401543,69391.0,-0.008668122839253566,67478.73,69374.74,68775.99,-0.008630662976178316,24995.70243,1719104180.368656
2024-11-03,ETHUSDT,2457.73,1.0449354602812868,2496.39,-0.014741904629285514,2411.0,2494.23,2457.73,-0.014633774752127904,276009.1197,678355893.760281
2024-11-04,BTCUSDT,67850.01,1.535778657772658,69500.0,-0.013555167807772158,66835.0,68775.99,67850.01,-0.01346371022794457,29800.39187,2021956886.3834186
2024-11-04,ETHUSDT,2398.21,1.0196297682012203,2491.39,-0.024515533959114086,2357.59,2457.73,2398.21,-0.024217468965264666,306316.9645,734612407.433545
2024-11-05,BTCUSDT,69372.01,1.5702289860353948,70577.91,0.02218393837390412,67476.63,67850.01,69372.01,0.022431831623900944,33355.06888,2313908171.8940487
2024-11-05,ETHUSDT,2422.55,1.0299782316627262,2480.0,0.010098078656152792,2380.74,2398.21,2422.55,0.010149236305411202,331619.2545,803364224.988975
2024-11-06,BTCUSDT,75571.99,1.7105649559581309,76400.0,0.08560223984821512,69298.0,69372.01,75571.99,0.0893729329739763,104126.994787,7869084208.773217
2024-11-06,ETHUSDT,2721.87,1.15723797214333,2744.7,0.11649843968337495,2420.3,2422.6,2721.87,0.12355575736310898,1002141.3618,2727698508.442566
2024-11-07,BTCUSDT,75857.89,1.717036275833503,76849.99,0.0037760095920657505,74416.0,75571.99,75857.89,0.0037831476979763856,44869.422345,3403699704.610552
2024-11-07,ETHUSDT,2895.47,1.231046240710191,2916.11,0.06182830263713826,2699.49,2721.88,2895.47,0.06377968088115882,730845.9524,2116142529.7956276
2024-11-08,BTCUSDT,76509.78,1.7317917452758127,77199.99,0.00855685431952021,75555.0,75857.89,76509.78,0.008593568843003663,36521.099583,2794221294.453422
2024-11-08,ETHUSDT,2961.75,1.2592260335708565,2981.69,0.022632863127550862,2886.4,2895.47,2961.75,0.022890929624551415,568864.435,1684834240.3612502
